makan_pagi,makan_siang,makan_malam,snack_1,snack_2,total_natrium,derajat,natrium_makan_pagi,natrium_makan_siang,natrium_makan_malam,natrium_snack_1,natrium_snack_2
soto ayam,tumis bayam,sup kentang,puding coklat,es doger,1166,1,87,408,418,129,124
tumis kangkung,beef burger,tumis ikan tongkol,mentimun serut,martabak telur,1116.1,1,384,572,19,6.1,135
semur jengkol,ikan salmon panggang,kalio kikil,klepon,tape singkong,1132,1,60,467,519,79,7
usus ayam goreng,bakmi,rendang,jus wortel tomat,martabak telur,1078,1,411,329,184,19,135
soto ayam,ikan belanak goreng,lobstre panggang,sup buah serut,serabi,1067.3,1,87,220,630,33.3,97
soto daging,kerang panggang,terong balado,pisang panggang saus kurma,bubur sumsum,1006.5,1,152,527,262,10.5,55
pepes ikan mas,tuna bumbu kari,gulai daging sapi,jus mangga,seblak,1085,1,191,400,225,2,267
gulai pakis,ayam saus mentega,sayur siram bumbu tumis,mangga,kue cucur,1043.1,1,352,560,14.1,2,115
dendeng sapi,beef teriyaki,saboko gurita,rambutan,duku,1031,1,443,377,200,10,1
sayur asem,babat sapi,ayam kecap,pepaya,tape singkong,1014,1,308,68,628,3,7
ayam rica-rica,chicken katsu,tempe kukus cabe hijau,pir,kue nagasari,1056.5,1,238,680,7.5,1,130
nasi kebuli,bakmi,ayam taliwang,pir,onde-onde,1008,1,166,329,432,1,80
laksa palembang,sup ayam,semur telur,sari seledri campur,jus alpukat,1153,1,240,459,417,19,18
rawon,abon ayam,tuna sambal woku,es teler,markisa,1154,1,171,410,390,155,28
nasi kebuli,ayam betutu,sop kambing,stroberi,kue sus,1141,1,166,251,384,1,339
soto kudus,udang goreng,urab,nanas,bolu kukus,1114,1,171,707,12,1,223
gulai tunjang,sate kambing,lodeh terong,jus mentimun jambu,tahu isi,1043.5,1,215,359,197,2.5,270
urap,bebek bakar,sop buntut,nanas,martabak manis,1173,1,251,193,478,1,250
ayam goreng,tuna bumbu kari,sandwich ikan tuna panggang,salad buah,bakwan,1072.2,1,350,400,153.2,5,164
perkedel kentang,bakso ikan,sop kaki sapi,nanas,bolu kukus,1118,1,204,255,435,1,223
urap megono,kari ayam,kalio kikil,es kelapa muda,es krim,1199,1,28,624,519,8,20
nasi goreng ayam,tuna bumbu kari,gulai kambing,lemang manis isi pisang,tahu gejrot,1035.6,1,302,400,163,3.6,167
soto banjar,tempe penyet,oseng buncis tempe,es kelapa muda,onde-onde,1183,1,82,241,772,8,80
tempe goreng,ikan panggang siram acar,teri balado,susu murni,kue sus,1106.7,1,277,28.7,422,40,339
telur ceplok air acar kuning,ikan tuna panggang,gulai daging sapi,dadar gulung,kacang mete sangrai asin,1046.5,1,80.5,366,225,67,308
urap,ikan patin bakar,ikan panggang,apel,kue nagasari,1110,1,251,372,356,1,130
nasi goreng udang,ikan kuah kuning,teri kacang balado,pisang panggang saus kurma,semangka,1046.5,1,467,162,406,10.5,1
ikan kembung balado,karedok,lobstre panggang,klepon,bubur sumsum,1168,1,277,127,630,79,55
nasi uduk,tumis oncom,kalio kikil,lemang manis isi pisang,kue nastar,1104.6,1,198,262,519,3.6,122
tumis kol,ayam rendang,lobstre panggang,jus belimbing berembun,sale pisang,1082.6,1,114,274,630,3.6,61
sayur bening bayam,sate padang,kalio telur,mentimun serut,bluberi,1056.1,1,162,347,540,6.1,1
urap,kari daging sapi,ampela goreng,sari seledri timun,bakpia,1198,1,251,551,255,23,118
laksa palembang,abon ayam,ikan panggang,cimol,sari apel,1199,1,240,410,356,190,3
nasi pecel,cumi hitam,orak arik bening soun,jus melon,dimsum,1019.5,1,8,471,89.5,16,435
udang panggang,bubur sapi,saboko gurita,stroberi,ronde,1039,1,512,320,200,1,6
ketoprak,chicken katsu,tahu bumbu kukus,susu murni,tape singkong,1137.9,1,391,680,19.9,40,7
ayam suwir kemangi,tempe penyet,udang goreng tepung,asinan bengkuang nanas,cempedak,1013.6,1,274,241,487,5.6,6
tempe masak wijen,onigiri,oseng buncis tempe,getuk kacang hijau,risol bihun,1138.2,1,4.2,140,772,19,203
pepes ayam,tuna bumbu pepes,semur daging,klepon,cireng isi ayam,1140,1,149,280,370,79,262
nasi goreng udang,sup nasi ayam,bihun goreng,sari seledri campur,seblak,1184.5,1,467,339,92.5,19,267
laksa palembang,sambal teri,sup bola ayam,klepon,bubur sumsum,1062,1,240,150,538,79,55
chicken nugget,beef teriyaki,daun singkong bumbu iris,talam nangka,kue cucur,1073.3,1,574,377,3,4.3,115
nasi goreng ayam,chicken katsu,ayam kalasan,talam nangka,pastel,1174.7,1,302,680,28.4,4.3,160
ayam goreng,sambal teri,sup bola ayam,sari seledri timun,kue pancong,1113,1,350,150,538,23,52
pepes tahu,sate ayam,pecel,cilok,bolu pisang,1132,1,269,355,23,221,264
nasi kebuli,garang asem ayam,ayam kecap,kelengkeng,wajik,1147,1,166,213,628,0,140
nasi goreng tuna,udang goreng,sop kambing,mangga,pisang,1135.7,1,41.7,707,384,2,1
kwetiau goreng,tumis bayam,gulai kambing,kelengkeng,susu kedelai,1126,1,500,408,163,0,55
sayur bening bayam,nasi hijau harum,ikan gurame asam manis,getuk kacang hijau,kue sus,1107,1,162,78,509,19,339
soto betawi,sate kambing,udang goreng tepung,lemang manis isi pisang,sawo,1055.6,1,194,359,487,3.6,12
soto betawi,ikan tuna panggang,ikan gabus asap,anggur,pie susu,1052,1,194,366,320,2,170
gulai pakis,sayur tahu toge,gulai daging sapi,jambu biji,kacang mete sangrai asin,1143,1,352,256,225,2,308
telur balado,bakso aci,sup bola ayam,salak,onde-onde,1190,1,356,214,538,2,80
nasi uduk,dendeng sapi,teri balado,klepon,sukun goreng,1144,1,198,443,422,79,2
kwetiau udang sambal rujak,bening bayam tauge,ayam kecap,kue apem,seblak,1098.6,1,91.3,12.3,628,100,267
telur ceplok,tempe orek,tumis bandeng,jus nanas,dimsum,1054,1,94,209,314,2,435
tempe panggang,ikan tongkol balado,oseng buncis tempe,jus jambu,semangka,1158,1,31,352,772,2,1
bubur ayam,ceker mercon,pecel,es teler,dimsum,1159,1,244,302,23,155,435
sayur asem,mie bakso,telur asin,kue bugis isi kacang hijau,kue nagasari,1122,1,308,193,483,8,130
laksa palembang,ayam penyet,ikan belida bakar,jus pepaya kayu manis,lemper,1011.3,1,240,288,293,5.3,185
soto daging,ayam goreng,paru sapi goreng,pisang,kacang mete sangrai asin,1167,1,152,350,356,1,308
nasi goreng tuna,mie bakso,salmon asap,rujak buah,yogurt,1107.7,1,41.7,193,784,69,20
teri basah goreng renyah,sate taichan,ayam geprek,rujak buah,susu kedelai,1134,1,40,510,460,69,55
soto bandung,sate taichan,sandwich ikan tuna panggang,kue bolu,kue pancong,1075.2,1,132,510,153.2,228,52
tumis daun pepaya,cumi goreng,paru sapi goreng,pisang,lemper,1090,1,213,335,356,1,185
sayur umbut kelapa,onigiri,perkedel tahu,jus melon,risol bihun,1065,1,317,140,389,16,203
telur orak-arik,ikan lele panggang,sambal udang,puding coklat,takoyaki,1065,1,211,385,73,129,267
belut goreng,ikan tuna panggang,sup kentang,melon,tape singkong,1090,1,283,366,418,16,7
udang panggang,bening bayam tauge,udang goreng tepung,rambutan,kue pukis,1118.3,1,512,12.3,487,10,97
udang panggang,sup telur,pecel,sari seledri campur,bolu kukus,1132,1,512,355,23,19,223
tumis kol,cumi hitam,bubur manado,jus wortel tomat,seblak,1113,1,114,471,242,19,267
tumis sawi putih,pempek adaan,sayur bobor,mangga,kue sus,1099,1,211,487,60,2,339
ayam suwir kemangi,ikan tongkol balado,tumis tahu kentang seledri,kue bugis isi kacang hijau,dimsum,1075,1,274,352,6,8,435
belut goreng,bakso ayam,pecel,talam nangka,tahu isi,1022.3,1,283,442,23,4.3,270
chicken nugget,kerang panggang,oseng tahu tomat,rambutan,cempedak,1122.9,1,574,527,5.9,10,6
telur orak-arik,oseng tahu,sup kentang,jus nanas,bakwan,1200,1,211,405,418,2,164
semur ayam,sate ayam,tumis ikan tongkol,melon,martabak manis,1176,1,536,355,19,16,250
soto bandung,cumi hitam,ikan gabus asap,jus pepaya belimbing,tahu gejrot,1097.1,1,132,471,320,7.1,167
tumis pare,ikan mujair goreng,sate bandeng,melon,lemper,1063,1,125,194,543,16,185
kering tempe,ayam masak merah,ayam taliwang,es kuwut,sukun goreng,1011,1,221,282,432,74,2
teri basah goreng renyah,beef burger,ayam geprek,jus nanas,jus semangka,1075,1,40,572,460,2,1
soto daging,kari daging sapi,kerang asap,rambutan,kue kacang,1004,1,152,551,160,2,139
ayam suwir kemangi,bakso ayam,bubur manado,kurma,kue nastar,1096,1,274,442,242,16,122
tumis sawi putih,bakso ayam,kalio kikil,durian,semangka,1175,1,211,442,519,2,1
dendeng sapi,ayam woku,semur daging,kelengkeng,markisa,1024,1,443,183,370,0,28
sayur umbut kelapa,asem-asem kangkung,ikan gurame asam manis,jus pepaya belimbing,wajik,1005.1,1,317,32,509,7.1,140
semur ayam,tahu bacem,jengkol balado,es kelapa muda,lemper,1023,1,536,69,225,8,185
soto bandung,cumi hitam,daging sapi panggang,pisang,bolu kukus,1044,1,132,471,217,1,223
dendeng sapi,kerang panggang,ikan mujair pepes,manggis,bubur sumsum,1090,1,443,527,58,7,55
paha ayam panggang,ayam rendang,ayam taliwang,mangga,mangga kweni,1116,1,406,274,432,2,2
coto makasar,bakso ikan,kalio telur,stroberi,sari apel,1070,1,271,255,540,1,3
urap,ikan tuna panggang,teri kacang balado,melon,pempek,1096,1,251,366,406,16,57
tumis buncis,kari daging sapi,terong balado,jus wortel tomat,tape singkong,1102,1,263,551,262,19,7
dendeng sapi,spageti,ikan panggang,dadar gulung,bubur sumsum,1153,1,443,232,356,67,55
tumis kacang panjang tempe,ikan tuna sambal goreng,nasi goreng sayur,rujak jeruk bali,kacang mete sangrai asin,1023.9,1,295,360,52.2,8.7,308
tahu balado,beef burger,pecel,jeruk,tahu isi,1133,1,266,572,23,2,270
dendeng sapi,tumis oncom,gulai daging sapi,kue apem,bakwan,1194,1,443,262,225,100,164
ayam rica-rica,bakso ayam,semur telur,jus stroberi,markisa,1126,1,238,442,417,1,28
nasi goreng,tuna bumbu kari,ikan bandeng goreng,rambutan,cenil,1070,1,415,400,215,10,30
ketoprak,ikan mujair goreng,ayam taliwang,melon,kue beras,1042,1,391,194,432,16,9
ayam suwir kemangi,tahu cabe garam,ayam kecap,manggis,lemper,1134,1,274,40,628,7,185
ayam rica-rica,sambal teri,tahu telur,jus stroberi,pisang,1124,1,238,150,734,1,1
ikan mas goreng,sayur bunga pepaya,salmon asap,pisang,pempek,1020,1,88,90,784,1,57
soto bandung,dendeng sapi,teri balado,nanas,lemper,1183,1,132,443,422,1,185
tumis sawi putih,ayam rendang,teri balado,pepaya,wajik,1050,1,211,274,422,3,140
tumis pare,sate taichan,tumis kapri manis,es kelapa muda,sup kacang,1007.5,1,125,510,1.5,8,363
chicken nugget,babat sapi,rendang,jus pepaya kayu manis,bolu pisang,1095.3,1,574,68,184,5.3,264
nasi goreng spesial,rendang,ikan baung bakar,kue bugis isi kacang hijau,kue cucur,1178,1,703,184,168,8,115
paha ayam panggang,oseng tahu,gulai daging sapi,rujak buah,sukun goreng,1107,1,406,405,225,69,2
nasi liwet,oseng tahu,orak arik bening soun,susu murni,tahu isi,1032.5,1,228,405,89.5,40,270
sayur asem,ayam penyet,sate bandeng,apel,cenil,1170,1,308,288,543,1,30
tempe goreng,tumis buncis wortel bintik,ayam kecap,mangga,kue bawang,1000,1,277,26,628,2,67
usus ayam goreng,tumis oncom,pepes teri,sari seledri campur,kue sus,1098,1,411,262,67,19,339
pepes tahu,kepiting panggang,lodeh terong,jus belimbing berembun,kue nagasari,1138.6,1,269,539,197,3.6,130
telur ceplok air acar kuning,ayam saus mentega,bihun goreng,kue bolu,wajik,1101,1,80.5,560,92.5,228,140
nasi goreng spesial,ayam lada hitam,tumis kapri manis,sari seledri timun,serabi,1044.5,1,703,220,1.5,23,97
udang panggang,kerang panggang,hati ayam goreng,jus stroberi,susu kedelai,1187,1,512,527,92,1,55
gulai pakis,tumis buncis wortel bintik,kalio ayam,rujak buah,markisa,1009,1,352,26,534,69,28
paha ayam panggang,ayam masak merah,teri kacang balado,mentimun serut,kue pukis,1197.1,1,406,282,406,6.1,97
pepes ayam,ikan salmon panggang,ikan gurame asam manis,rujak buah,cempedak,1200,1,149,467,509,69,6
ketoprak,tuna bumbu pepes,ayam geprek,susu murni,pisang,1172,1,391,280,460,40,1
paha ayam panggang,tempe orek,semur telur,pepaya,sale pisang,1096,1,406,209,417,3,61
nasi kuning,tumis pepaya muda,daun singkong bumbu iris,melon,sale pisang,1074,1,869,125,3,16,61
ketoprak,ikan lele panggang,pepes tongkol sambal dabu-dabu,jus mentimun jambu,takoyaki,1072.3,1,391,385,26.8,2.5,267
gado-gado,gudeg,sate bandeng,cilok,tahu walik,1185,1,126,147,543,221,148
nasi goreng udang,mie bakso,sop buntut,jus pepaya belimbing,semangka,1146.1,1,467,193,478,7.1,1
tumis sawi putih,ikan salmon panggang,brengkes patin,kue bolu,lemper,1134,1,211,467,43,228,185
soto daging,ikan kuah kuning,lobstre panggang,dadar gulung,pie susu,1181,1,152,162,630,67,170
tumis sawi putih,ikan panggang siram acar,sup bola ayam,kelengkeng,cireng isi ayam,1039.7,1,211,28.7,538,0,262
coto makasar,mie ayam,ayam geprek,sari buah tropika,kue kacang,1155,1,271,279,460,6,139
nasi goreng,tumis bayam,tumis ikan tongkol,pisang,bolu pisang,1107,1,415,408,19,1,264
perkedel kentang,ayam saus mentega,jengkol balado,jus nanas,kue pukis,1088,1,204,560,225,2,97
ikan tongkol goreng,ceker mercon,tuna bumbu rica-rica,sari buah tropika,pastel,1112,1,244,302,400,6,160
tempe bacem,tumis pepaya muda,semur telur,kue bolu,pie susu,1008,1,68,125,417,228,170
chicken nugget,ayam masak merah,kerang asap,apel,es doger,1141,1,574,282,160,1,124
coto makasar,kari ayam,rendang,jus stroberi,tape singkong,1087,1,271,624,184,1,7
tumis pare,chicken katsu,terong goreng,rujak jeruk bali,pempek kapal selam,1096.7,1,125,680,62,8.7,221
tumis buncis,bakmi,teri balado,klepon,semangka,1094,1,263,329,422,79,1
ketoprak,tahu bacem,ikan baung bakar,cilok,bakwan,1013,1,391,69,168,221,164
dendeng sapi,chicken katsu,tumis kapri manis,susu murni,jus semangka,1165.5,1,443,680,1.5,40,1
ketoprak,sup ayam,mie rebus tauge,kue bugis,pempek kapal selam,1167.3,1,391,459,35.3,61,221
gulai pakis,abon ayam,tempe mendoan,kue tapioka,duku,1000.6,1,352,410,233,4.6,1
ayam rica-rica,sup telur,ampela goreng,jus pepaya belimbing,kacang mete sangrai asin,1163.1,1,238,355,255,7.1,308
ayam suwir kemangi,iga bakar,kari daging domba,kue bugis isi kacang hijau,sup kacang,1127,1,274,272,210,8,363
soto bandung,kepiting panggang,ikan bandeng goreng,pisang bakar saus manis,martabak manis,1147.5,1,132,539,215,11.5,250
kacang panjang bumbu kuning,sate taichan,terong balado,kue bugis isi kacang hijau,tahu isi,1059.5,1,9.5,510,262,8,270
pepes ayam,sup telur,udang goreng tepung,jambu biji,risol bihun,1196,1,149,355,487,2,203
telur ceplok air acar kuning,sate usus,teri kacang balado,nanas,bakpia,1110.5,1,80.5,505,406,1,118
perkedel kentang,abon ayam,teri balado,pir,onde-onde,1117,1,204,410,422,1,80
paha ayam panggang,ayam rendang,ikan gabus asap,pisang,sale pisang,1062,1,406,274,320,1,61
nasi liwet,kari daging sapi,tahu siksa,jus apel,martabak manis,1042.8,1,228,551,10.8,3,250
soto daging,kari ayam,sop kambing,mangga,jus wortel,1191,1,152,624,384,2,29
kering tempe,sambal teri,kalio ayam,apel,martabak telur,1041,1,221,150,534,1,135
ikan tongkol goreng,ikan salmon panggang,ikan panggang,manggis,sale pisang,1135,1,244,467,356,7,61
ketoprak,tumis bayam,tahu bumbu merah,pisang bakar saus manis,kue sus,1154.8,1,391,408,5.3,11.5,339
tempe masak wijen,oseng tahu,sop kambing,cilok,kue beras,1023.2,1,4.2,405,384,221,9
soto bandung,ayam cincang buncis,gulai ayam,puding coklat,kacang mete sangrai asin,1017,1,132,241,207,129,308
kering tempe,spageti,ayam kecap,rujak pepaya alpukat,cempedak,1100.8,1,221,232,628,13.8,6
ayam goreng,abon ayam,mie hokian,jus mangga,pie susu,1009.8,1,350,410,77.8,2,170
tumis kangkung,chicken katsu,spageti udang,pir,jus semangka,1156.5,1,384,680,90.5,1,1
pepes tahu,udang goreng,pepes teri,jambu biji,mangga kweni,1047,1,269,707,67,2,2
tumis pakcoy,spageti,sup kentang,batagor,sari apel,1025,1,220,232,418,152,3
telur dadar,garang asem ayam,lobstre panggang,kue bugis,pie susu,1172,1,98,213,630,61,170
ayam suwir kemangi,ayam woku,telur asin,kue bugis,bakpia,1119,1,274,183,483,61,118
semur jengkol,ayam penyet,lobstre panggang,kelengkeng,kue bawang,1045,1,60,288,630,0,67
usus ayam goreng,bakso sapi,terong balado,asinan bengkuang nanas,wajik,1108.6,1,411,290,262,5.6,140
tumis kol,kari daging sapi,terong balado,pisang bakar saus manis,kue bawang,1005.5,1,114,551,262,11.5,67
soto bandung,chicken katsu,urab,pisang panggang saus kurma,cireng isi ayam,1096.5,1,132,680,12,10.5,262
laksa palembang,sayur bunga pepaya,salmon asap,buah naga,cenil,1146,1,240,90,784,2,30
telur orak-arik,sayur tahu toge,ayam geprek,jus nanas,bakwan,1093,1,211,256,460,2,164
chicken karage,pepes bandeng presto,urab,talam nangka,puding vanila,1071.7,1,900,20.4,12,4.3,135
coto makasar,tumis bayam,paru sapi goreng,salak,markisa,1065,1,271,408,356,2,28
gulai pakis,bakso ayam,lodeh terong,es teler,cempedak,1152,1,352,442,197,155,6
tempe panggang,kari daging sapi,tumis bandeng,es kuwut,susu kedelai,1025,1,31,551,314,74,55
soto betawi,ikan tongkol balado,opor ayam,cilok,jus alpukat,1004,1,194,352,219,221,18
ikan tongkol goreng,sup ayam,paru sapi goreng,mangga,serabi,1158,1,244,459,356,2,97
tempe goreng,ayam masak merah,saboko gurita,talam nangka,dimsum,1198.3,1,277,282,200,4.3,435
nasi liwet,bening bayam tauge,lodeh terong,cimol,dimsum,1062.3,1,228,12.3,197,190,435
kering tempe,bakso aci,sop kaki sapi,es kelapa muda,tahu gejrot,1045,1,221,214,435,8,167
kering tempe,ikan lele panggang,tuna bumbu rica-rica,salad buah,ronde,1017,1,221,385,400,5,6
semur jengkol,udang goreng,sayur nangka,asinan bengkuang nanas,bolu pisang,1040.6,1,60,707,4,5.6,264
nasi kebuli,sup ayam,teri kacang balado,nanas,sukun goreng,1034,1,166,459,406,1,2
paha ayam panggang,sate ayam,semur telur,rujak pepaya alpukat,sukun goreng,1193.8,1,406,355,417,13.8,2
nasi uduk,kari ayam,terong goreng,es teler,es krim,1059,1,198,624,62,155,20
semur tahu,sayur tahu toge,bandeng presto,putu mayang,duku,1155,1,569,256,270,59,1
usus ayam goreng,ayam betutu,ikan bakar bumbu kecap,jus pepaya kayu manis,sup kacang,1129.8,1,411,251,99.5,5.3,363
bubur nasi,tumis oncom,ikan gurame asam manis,melon,bolu kukus,1136,1,126,262,509,16,223
nasi kebuli,ayam bakar,tumis bandeng,jeruk,bakpia,1009,1,166,409,314,2,118
nasi kuning,tumis pepaya muda,tumis kapri manis,jus pepaya belimbing,tahu gejrot,1169.6,1,869,125,1.5,7.1,167
tuna bakar bumbu bali,ayam panggang,ayam geprek,durian,wajik,1026.2,1,19.2,405,460,2,140
telur dadar,tumis oncom,telur asin,cimol,jus jeruk,1034,1,98,262,483,190,1
tahu balado,pempek adaan,sambal udang,es kuwut,pempek kapal selam,1121,1,266,487,73,74,221
bubur ayam,ayam masak merah,semur telur,getuk kacang hijau,kue bawang,1029,1,244,282,417,19,67
telur balado,ikan tuna panggang,ikan belida bakar,jus wortel tomat,apel fuji,1035,1,356,366,293,19,1
sayur umbut kelapa,sate padang,tumis bandeng,jus melon,sosis solo,1075,1,317,347,314,16,81
belut goreng,onigiri,bubur manado,susu,sup kacang,1069,1,283,140,242,41,363
paha ayam panggang,sup telur,ikan panggang,jus pepaya kayu manis,kue beras,1131.3,1,406,355,356,5.3,9
gulai tunjang,sup telur,tumis bandeng,jus buah naga,kue cucur,1006,1,215,355,314,7,115
belut goreng,ikan tongkol balado,nasi goreng sayur,jeruk,dimsum,1124.2,1,283,352,52.2,2,435
ketoprak,sate usus,nasi goreng kunyit,jus apel,es doger,1058,1,391,505,35,3,124
nasi uduk,tumis pepaya muda,ayam taliwang,anggur,kacang mete sangrai asin,1065,1,198,125,432,2,308
bubur ketan hitam,ayam masak merah,lobstre panggang,mangga,yogurt,1011,1,77,282,630,2,20
ayam goreng,beef burger,tahu bumbu kukus,kue apem,onde-onde,1121.9,1,350,572,19.9,100,80
pepes ikan mas,bakso ayam,bubur manado,pir,bakwan,1040,1,191,442,242,1,164
nasi bakar,ikan salmon panggang,ikan panggang,kue tapioka,kue cucur,1111.6,1,169,467,356,4.6,115
ayam rica-rica,sayur tahu toge,mie hokian,pisang bakar saus manis,dimsum,1018.3,1,238,256,77.8,11.5,435
sayur asem,bakmi,pempek kulit,jus apel,apel fuji,1198,1,308,329,557,3,1
sayur umbut kelapa,tuna bumbu pepes,tuna bumbu rica-rica,jus apel,yogurt,1020,1,317,280,400,3,20
ketoprak,ikan panggang siram acar,ayam taliwang,asinan bengkuang nanas,risol bihun,1060.3,1,391,28.7,432,5.6,203
nasi ciprat,mie bakso,perkedel tahu,pisang bakar saus manis,dimsum,1038.7,1,10.2,193,389,11.5,435
perkedel kentang,gudeg,lobstre panggang,jus melon,markisa,1025,1,204,147,630,16,28
pepes ikan mas,dendeng sapi,sambal udang,asinan bengkuang nanas,sup kacang,1075.6,1,191,443,73,5.6,363
tumis kol,abon ayam,teri balado,kelengkeng,pie susu,1116,1,114,410,422,0,170
telur balado,gudeg,ikan panggang,stroberi,bolu kukus,1083,1,356,147,356,1,223
nasi goreng spesial,pepes bandeng presto,bubur manado,susu murni,tape singkong,1012.4,1,703,20.4,242,40,7
ketoprak,sate usus,ayam panggang bumbu bacem,salak,cireng isi ayam,1186.7,1,391,505,26.7,2,262
nasi goreng,tumis oncom,ikan bakar bumbu kecap,susu,seblak,1084.5,1,415,262,99.5,41,267
pepes tongkol,ayam panggang,sop kaki sapi,batagor,kue bawang,1171,1,112,405,435,152,67
nasi bakar,ayam rendang,sop kambing,jus melon,pie susu,1013,1,169,274,384,16,170
dendeng sapi,nasi rames,daging sapi panggang,susu,kue pukis,1063,1,443,265,217,41,97
soto banjar,steak daging sapi,semur telur,durian,puding vanila,1009,1,82,373,417,2,135
dendeng sapi,kari daging sapi,sayur bobor,jambu biji,susu kedelai,1111,1,443,551,60,2,55
tumis labu siam,sayur tahu toge,jengkol balado,cilok,tahu gejrot,1014,1,145,256,225,221,167
gulai tunjang,cumi goreng,ayam kecap,jus stroberi,ronde,1185,1,215,335,628,1,6
teri basah goreng renyah,cumi hitam,teri balado,stroberi,sosis solo,1015,1,40,471,422,1,81
nasi kebuli,kepiting panggang,sambal udang,sari seledri timun,seblak,1068,1,166,539,73,23,267
kupat tahu,nasi hijau harum,tahu telur,klepon,cempedak,1141,1,244,78,734,79,6
gulai pakis,mie ayam,bubur manado,kelengkeng,cireng isi ayam,1135,1,352,279,242,0,262
urap megono,tuna bumbu pepes,oseng buncis tempe,sari buah tropika,kue pukis,1183,1,28,280,772,6,97
nasi goreng spesial,mie ayam,gadon tahu jamur,stroberi,apel fuji,1002.9,1,703,279,18.9,1,1
paha ayam panggang,terong bakar,kalio telur,batagor,serabi,1197,1,406,2,540,152,97
nasi goreng,sambal goreng kentang,gulai kambing,kelengkeng,sup kacang,1055,1,415,114,163,0,363
ayam goreng,bening bayam tauge,pempek kulit,jus wortel tomat,bakwan,1102.3,1,350,12.3,557,19,164
chicken nugget,tempe penyet,terong goreng,buah naga,kue nastar,1001,1,574,241,62,2,122
sayur umbut kelapa,ayam cincang buncis,tempe mendoan,kue bolu,es doger,1143,1,317,241,233,228,124
nasi bakar,sate kambing,ikan gurame asam manis,jus pepaya kayu manis,pisang,1043.3,1,169,359,509,5.3,1
ketoprak,bakso ayam,gulai daging sapi,kue tapioka,kue nagasari,1192.6,1,391,442,225,4.6,130
nasi uduk,ayam panggang,semur daging,sari seledri campur,susu kedelai,1047,1,198,405,370,19,55
kwetiau goreng,ikan patin goreng,spageti udang,kue bolu,bolu kukus,1102.5,1,500,61,90.5,228,223
kering tempe,udang goreng,tempe goreng tepung,es kuwut,sale pisang,1139,1,221,707,76,74,61
gulai pakis,beef burger,gulai ikan,kelengkeng,cempedak,1099,1,352,572,169,0,6
ketoprak,beef teriyaki,ikan belida bakar,dadar gulung,es krim,1148,1,391,377,293,67,20
ikan kembung balado,kerang panggang,gulai kambing,jeruk,martabak telur,1104,1,277,527,163,2,135
rawon,nasi hijau harum,kalio kikil,sari seledri campur,martabak manis,1037,1,171,78,519,19,250
tumis kacang panjang tempe,pecel lele,kalio kikil,jambu biji,martabak manis,1114,1,295,48,519,2,250
telur balado,sate ayam,semur daging,mangga,cempedak,1089,1,356,355,370,2,6
udang panggang,abon ayam,ayam kalasan,putu mayang,lemper,1194.4,1,512,410,28.4,59,185
kering tempe,sate kambing,ikan baung bakar,talam nangka,takoyaki,1019.3,1,221,359,168,4.3,267
nasi bakar,ayam bakar,sop kaki sapi,pepaya,es krim,1036,1,169,409,435,3,20
pepes ikan mas,ikan tuna sambal goreng,pempek kulit,salak,bubur sumsum,1165,1,191,360,557,2,55
tuna bakar bumbu bali,ikan salmon panggang,ikan panggang,kue bugis,bakpia,1021.2,1,19.2,467,356,61,118
pindang patin,tumis bayam,tumis bandeng,rujak buah,tahu sumedang,1077,1,90,408,314,69,196
pepes tahu,ikan patin goreng,lobstre panggang,klepon,mangga kweni,1041,1,269,61,630,79,2
soto daging,ayam penyet,lobstre panggang,manggis,sawo,1089,1,152,288,630,7,12
telur orak-arik,sup telur,kerang asap,salad buah,kue sus,1070,1,211,355,160,5,339
ayam suwir kemangi,pempek adaan,nasi goreng kunyit,klepon,kue nagasari,1005,1,274,487,35,79,130
gulai pakis,babat sapi,tuna bumbu rica-rica,melon,bolu kukus,1059,1,352,68,400,16,223
tumis kol,chicken katsu,makaroni bumbu merah,klepon,bolu pisang,1155,1,114,680,18,79,264
soto betawi,ayam penyet,sop kambing,jus melon,es doger,1006,1,194,288,384,16,124
nasi goreng udang,beef teriyaki,sayur nangka,lemang manis isi pisang,kue sus,1190.6,1,467,377,4,3.6,339
lontong sayur,sate kambing,ayam kecap,pisang,kue cucur,1167,1,64,359,628,1,115
nasi bakar,iga bakar,kalio telur,talam nangka,kue kacang,1124.3,1,169,272,540,4.3,139
tempe goreng,steak daging sapi,sup kentang,anggur,yogurt,1090,1,277,373,418,2,20
chicken karage,terong bakar,daging sapi panggang,jeruk,duku,1122,1,900,2,217,2,1
coto makasar,ikan panggang siram acar,sup bola ayam,puding coklat,es doger,1090.7,1,271,28.7,538,129,124
paha ayam panggang,ayam betutu,sandwich ikan tuna panggang,stroberi,martabak manis,1061.2,1,406,251,153.2,1,250
ketoprak,bakso sapi,rendang,jus apel,tahu gejrot,1035,1,391,290,184,3,167
lontong sayur,kepiting panggang,bihun goreng,susu murni,dimsum,1170.5,1,64,539,92.5,40,435
ketoprak,pempek adaan,terong balado,susu murni,tape singkong,1187,1,391,487,262,40,7
telur ceplok air acar kuning,mie ayam,sup bola ayam,jus pepaya kayu manis,bakwan,1066.8,1,80.5,279,538,5.3,164
soto banjar,mie bakso,lobstre panggang,manggis,kue nastar,1034,1,82,193,630,7,122
nasi goreng ayam,dendeng sapi,tempe kukus cabe hijau,pisang bakar saus manis,bolu pisang,1028,1,302,443,7.5,11.5,264
bubur ketan hitam,iga bakar,paru sapi goreng,kue bolu,onde-onde,1013,1,77,272,356,228,80
lontong sayur,ayam woku,tuna bumbu rica-rica,mangga,dimsum,1084,1,64,183,400,2,435
tumis kangkung,gudeg,ayam taliwang,klepon,apel fuji,1043,1,384,147,432,79,1
tumis kol,kari daging sapi,sambal udang,es kuwut,bolu kukus,1035,1,114,551,73,74,223
udang panggang,tumis oncom,semur daging,kelengkeng,apel fuji,1145,1,512,262,370,0,1
ketoprak,babat sapi,semur daging,rujak jeruk bali,martabak manis,1087.7,1,391,68,370,8.7,250
soto ayam,cumi hitam,ikan panggang,jus nanas,wajik,1056,1,87,471,356,2,140
pepes ikan mas,ayam woku,lobstre panggang,kue bugis isi kacang hijau,tape singkong,1019,1,191,183,630,8,7
ketoprak,ikan mujair goreng,ampela goreng,putu mayang,pie susu,1069,1,391,194,255,59,170
paha ayam panggang,cumi hitam,tahu bumbu merah,apel,seblak,1150.3,1,406,471,5.3,1,267
semur tahu,ikan tongkol balado,ikan mujair pepes,kue bugis,sale pisang,1101,1,569,352,58,61,61
sayur asem,ayam bakar,mie hokian,cilok,mangga kweni,1017.8,1,308,409,77.8,221,2
semur jengkol,steak daging sapi,tuna sambal woku,pepaya,takoyaki,1093,1,60,373,390,3,267
nasi goreng udang,onigiri,telur asin,jus apel,bluberi,1094,1,467,140,483,3,1
tumis kangkung,pempek adaan,kerang asap,pisang,bakwan,1196,1,384,487,160,1,164
nasi goreng udang,ayam bakar,gulai ayam,pepaya,jus semangka,1087,1,467,409,207,3,1
pepes tahu,dendeng sapi,semur telur,durian,ronde,1137,1,269,443,417,2,6
ketoprak,ayam betutu,udang goreng tepung,kue tapioka,es buah,1155.6,1,391,251,487,4.6,22
soto betawi,terong bakar,kalio telur,jus mangga,bolu pisang,1002,1,194,2,540,2,264
tumis kacang panjang tempe,ayam betutu,ikan belida bakar,kue tapioka,bolu pisang,1107.6,1,295,251,293,4.6,264
nasi goreng spesial,ayam betutu,gulai daging sapi,talam ubi,pisang,1189.3,1,703,251,225,9.3,1
nasi goreng ayam,ikan tongkol balado,nasi goreng sayur,pepaya,sup kacang,1072.2,1,302,352,52.2,3,363
nasi goreng udang,steak daging sapi,tumis tahu kentang seledri,getuk kacang hijau,bolu pisang,1129,1,467,373,6,19,264
belut goreng,sup telur,teri balado,kue bugis,sukun goreng,1123,1,283,355,422,61,2
tumis sawi putih,mie bakso,sup bola ayam,jus pepaya belimbing,kue nastar,1071.1,1,211,193,538,7.1,122
gulai tunjang,abon ayam,paru sapi goreng,pir,kue kacang,1121,1,215,410,356,1,139
telur ceplok,kerang panggang,sayur siram bumbu tumis,cimol,kacang mete sangrai asin,1133.1,1,94,527,14.1,190,308
tumis daun pepaya,ikan tuna sambal goreng,opor ayam,jus wortel tomat,takoyaki,1078,1,213,360,219,19,267
soto daging,ayam cincang buncis,orak arik bening soun,mangga,martabak manis,734.5,2,152,241,89.5,2,250
nasi liwet,bakso ikan,kari daging domba,pisang panggang saus kurma,apel fuji,704.5,2,228,255,210,10.5,1
soto bandung,tekwan,sayur nangka,cilok,puding vanila,678,2,132,186,4,221,135
sayur umbut kelapa,tempe orek,tempe pesmol,apel,puding vanila,665.5,2,317,209,3.5,1,135
tumis sawi putih,sate ayam,gadon tahu jamur,jus nanas,pempek,643.9,2,211,355,18.9,2,57
tempe goreng,ikan patin goreng,ikan bandeng goreng,es kuwut,es doger,751,2,277,61,215,74,124
kacang panjang bumbu kuning,beef burger,makaroni bumbu merah,es kelapa muda,jus semangka,608.5,2,9.5,572,18,8,1
telur ceplok,iga bakar,ikan cakalang asap,jus jambu,pempek,601,2,94,272,176,2,57
bubur kacang hijau,ayam masak merah,sup kentang,salad buah,mangga kweni,753,2,46,282,418,5,2
ikan bawal goreng,tumis pepaya muda,sop kaki sapi,jus mentimun jambu,cempedak,653.5,2,85,125,435,2.5,6
bubur kacang hijau,ayam saus mentega,ikan bakar bumbu kecap,jus melon,kue bawang,788.5,2,46,560,99.5,16,67
tumis genjer,asem-asem kangkung,terong balado,cimol,sosis solo,783,2,218,32,262,190,81
teri basah goreng renyah,cumi goreng,ikan bakar bumbu kecap,jus stroberi,bolu kukus,698.5,2,40,335,99.5,1,223
lontong sayur,ceker mercon,ikan belida bakar,putu mayang,pempek,775,2,64,302,293,59,57
nasi pecel,ayam penyet,semur daging,salad buah,serabi,768,2,8,288,370,5,97
bubur nasi,telur puyuh bumbu kuning,sup kentang,kurma,es buah,641.1,2,126,73.1,418,2,22
lontong sayur,cap cay sayur,tumis kapri manis,durian,bolu kukus,695.5,2,64,405,1.5,2,223
kacang panjang bumbu kuning,pempek adaan,tahu bumbu kukus,durian,bolu pisang,782.4,2,9.5,487,19.9,2,264
nasi goreng udang,nasi hijau harum,sambal udang,puding coklat,tape singkong,754,2,467,78,73,129,7
sayur pakis,telur puyuh bumbu kuning,sop kambing,talam ubi,tahu sumedang,663.4,2,1,73.1,384,9.3,196
kwetiau goreng,pecel lele,oseng tahu tomat,klepon,cempedak,638.9,2,500,48,5.9,79,6
sayur bening bayam,tuna bumbu kari,pepes tongkol sambal dabu-dabu,jus nanas,martabak telur,725.8,2,162,400,26.8,2,135
kwetiau udang sambal rujak,sayur tahu toge,lodeh terong,rujak jeruk bali,kue pukis,650,2,91.3,256,197,8.7,97
telur orak-arik,nasi rames,sayur nangka,pir,wajik,621,2,211,265,4,1,140
bubur kacang hijau,mie ayam,saboko gurita,jus jambu,bakpia,645,2,46,279,200,2,118
soto banjar,tuna bumbu pepes,ikan bakar bumbu kecap,jus buah naga,pie susu,638.5,2,82,280,99.5,7,170
urap,garang asem ayam,ikan belida bakar,jus apel,sari apel,763,2,251,213,293,3,3
nasi kebuli,bening bayam tauge,sop buntut,jus apel,sukun goreng,661.3,2,166,12.3,478,3,2
pepes tahu,ayam rendang,opor ayam,jus melon,cempedak,784,2,269,274,219,16,6
chicken nugget,gudeg,tumis kapri manis,durian,nangka,727.5,2,574,147,1.5,2,3
perkedel kentang,sayur bunga pepaya,rendang,batagor,jus wortel,659,2,204,90,184,152,29
ikan tongkol goreng,tumis buncis wortel bintik,hati ayam goreng,sari seledri timun,kue sus,724,2,244,26,92,23,339
soto banjar,ikan lele panggang,ikan bakar bumbu kecap,getuk kacang hijau,bakwan,749.5,2,82,385,99.5,19,164
pepes ayam,ayam woku,terong balado,sari buah tropika,bakpia,718,2,149,183,262,6,118
bubur kacang hijau,tuna bumbu kari,tempe goreng tepung,puding coklat,wajik,791,2,46,400,76,129,140
laksa palembang,sambal goreng kentang,daging sapi panggang,salad buah,tahu sumedang,772,2,240,114,217,5,196
tumis sawi putih,gudeg,ikan panggang,pisang panggang saus kurma,yogurt,744.5,2,211,147,356,10.5,20
nasi bakar,pepes bandeng presto,telur asin,kurma,serabi,771.4,2,169,20.4,483,2,97
tumis kol,tuna bumbu pepes,kangkung bumbu kare,klepon,martabak manis,752.3,2,114,280,29.3,79,250
lontong sayur,terong bakar,gulai daging sapi,sari seledri campur,kue sus,649,2,64,2,225,19,339
perkedel kentang,dendeng sapi,kangkung bumbu kare,sari seledri campur,jus jeruk,696.3,2,204,443,29.3,19,1
rawon,ayam woku,daging sapi panggang,jus wortel tomat,kue bawang,657,2,171,183,217,19,67
soto betawi,ikan salmon panggang,makaroni bumbu merah,kue bugis,markisa,768,2,194,467,18,61,28
telur rebus,ikan patin goreng,gulai ikan,es teler,tahu sumedang,720,2,139,61,169,155,196
tumis kacang panjang tempe,ikan kuah kuning,tumis ikan tongkol,jus mangga,tahu gejrot,645,2,295,162,19,2,167
teri basah goreng renyah,ayam goreng,jengkol balado,salad buah,semangka,621,2,40,350,225,5,1
tumis kacang panjang tempe,tumis pepaya muda,ikan panggang,rujak pepaya alpukat,kue beras,798.8,2,295,125,356,13.8,9
ayam rica-rica,terong bakar,semur daging,jus mentimun jambu,pastel,772.5,2,238,2,370,2.5,160
soto betawi,tumis pepaya muda,kari daging domba,durian,pempek kapal selam,752,2,194,125,210,2,221
tumis kangkung,sayur tahu toge,urab,sari buah tropika,cempedak,664,2,384,256,12,6,6
ikan kembung balado,mie ayam,nasi goreng sayur,cimol,semangka,799.2,2,277,279,52.2,190,1
soto daging,ikan tuna sambal goreng,tempe mendoan,pisang panggang saus kurma,cenil,785.5,2,152,360,233,10.5,30
nasi goreng tuna,ayam penyet,gulai ayam,dadar gulung,bakwan,767.7,2,41.7,288,207,67,164
pepes tongkol,beef teriyaki,tempe pesmol,pepaya,pempek kapal selam,716.5,2,112,377,3.5,3,221
soto bandung,tumis bayam,sayur bobor,jus pepaya belimbing,kue nagasari,737.1,2,132,408,60,7.1,130
tumis sawi putih,sambal teri,oseng tahu tomat,jus pepaya kayu manis,martabak manis,622.2,2,211,150,5.9,5.3,250
tumis kangkung,babat sapi,rendang,rujak pepaya alpukat,wajik,789.8,2,384,68,184,13.8,140
kupat tahu,mie bakso,makaroni bumbu merah,durian,lemper,642,2,244,193,18,2,185
kupat tahu,bakso sapi,hati ayam goreng,mentimun serut,es buah,654.1,2,244,290,92,6.1,22
tumis daun pepaya,ikan tuna sambal goreng,tahu siksa,kurma,kue pancong,637.8,2,213,360,10.8,2,52
soto daging,terong bakar,telur asin,pisang bakar saus manis,onde-onde,728.5,2,152,2,483,11.5,80
tempe panggang,ikan salmon panggang,opor ayam,pisang,pisang,719,2,31,467,219,1,1
telur rebus,ikan mujair goreng,saboko gurita,stroberi,kue pukis,631,2,139,194,200,1,97
urap,sayur tahu toge,nasi goreng sayur,susu,jus semangka,601.2,2,251,256,52.2,41,1
telur balado,ayam masak merah,nasi goreng sayur,dadar gulung,jus jeruk,758.2,2,356,282,52.2,67,1
ikan tongkol goreng,bakso ikan,hati ayam goreng,salad buah,es doger,720,2,244,255,92,5,124
tahu balado,ikan kuah kuning,oseng tahu tomat,kue apem,tahu walik,681.9,2,266,162,5.9,100,148
telur balado,garang asem ayam,nasi goreng sayur,kelengkeng,kue bawang,688.2,2,356,213,52.2,0,67
soto bandung,bening bayam tauge,tempe mendoan,asinan bengkuang nanas,martabak manis,632.9,2,132,12.3,233,5.6,250
semur jengkol,gudeg,ikan panggang,jus belimbing berembun,risol bihun,769.6,2,60,147,356,3.6,203
nasi ciprat,tumis bayam,daging sapi panggang,jus pepaya kayu manis,serabi,737.5,2,10.2,408,217,5.3,97
gado-gado,spageti,bihun goreng,puding coklat,kue nagasari,709.5,2,126,232,92.5,129,130
ketoprak,karedok,sayur bobor,sari seledri campur,nangka,600,2,391,127,60,19,3
sayur asem,rendang,pepes teri,dadar gulung,puding vanila,761,2,308,184,67,67,135
ayam rica-rica,ceker mercon,urab,jus nanas,wajik,694,2,238,302,12,2,140
tumis labu siam,beef teriyaki,tumis ikan tongkol,getuk kacang hijau,bakwan,724,2,145,377,19,19,164
pepes ayam,tumis bayam,tahu bumbu kukus,pisang bakar saus manis,markisa,616.4,2,149,408,19.9,11.5,28
soto banjar,ikan tongkol balado,sambal udang,kurma,puding vanila,644,2,82,352,73,2,135
ayam suwir,sate kambing,ayam kalasan,sari seledri campur,takoyaki,735.4,2,62,359,28.4,19,267
kering tempe,nasi rames,tahu siksa,pisang panggang saus kurma,pastel,667.3,2,221,265,10.8,10.5,160
telur dadar,ceker mercon,jengkol balado,rambutan,jus wortel,664,2,98,302,225,10,29
telur ceplok,cumi hitam,bihun goreng,susu,sosis solo,779.5,2,94,471,92.5,41,81
bubur ketan hitam,tumis pepaya muda,teri balado,manggis,nangka,634,2,77,125,422,7,3
ikan bawal goreng,ayam bakar,tempe mendoan,sari seledri timun,sari apel,753,2,85,409,233,23,3
tumis kangkung,bening bayam tauge,kari daging domba,kue bugis isi kacang hijau,kue beras,623.3,2,384,12.3,210,8,9
belut goreng,tuna bumbu kari,brengkes patin,pisang bakar saus manis,jus wortel,766.5,2,283,400,43,11.5,29
soto betawi,tempe orek,urab,mentimun serut,tahu isi,691.1,2,194,209,12,6.1,270
ayam suwir,ayam saus mentega,tumis ikan tongkol,salak,duku,644,2,62,560,19,2,1
urap,ikan panggang siram acar,sup kentang,rambutan,susu kedelai,762.7,2,251,28.7,418,10,55
soto ayam,gudeg,pempek kulit,jus pepaya belimbing,pisang,799.1,2,87,147,557,7.1,1
pepes tongkol,ayam betutu,hati ayam goreng,jus mentimun jambu,pastel,617.5,2,112,251,92,2.5,160
kering tempe,ayam woku,gulai ayam,buah naga,jus wortel,642,2,221,183,207,2,29
ketoprak,ikan panggang siram acar,brengkes patin,pisang panggang saus kurma,kue kacang,612.2,2,391,28.7,43,10.5,139
lontong sayur,sate kambing,ayam kalasan,klepon,sosis solo,611.4,2,64,359,28.4,79,81
kwetiau udang sambal rujak,iga bakar,makaroni bumbu merah,salad buah,seblak,653.3,2,91.3,272,18,5,267
gulai pakis,ikan tongkol balado,pepes tongkol sambal dabu-dabu,jus buah naga,susu kedelai,792.8,2,352,352,26.8,7,55
perkedel kentang,kerang panggang,nasi goreng sayur,kelengkeng,duku,784.2,2,204,527,52.2,0,1
tahu balado,spageti,tempe kukus cabe hijau,getuk kacang hijau,puding vanila,659.5,2,266,232,7.5,19,135
urap,sambal goreng kentang,kerang asap,rujak jeruk bali,serabi,630.7,2,251,114,160,8.7,97
soto bandung,ikan tongkol balado,ikan bakar bumbu kecap,jus melon,ronde,605.5,2,132,352,99.5,16,6
kupat tahu,iga bakar,mie rebus tauge,salak,kue cucur,668.3,2,244,272,35.3,2,115
ikan bawal goreng,dendeng sapi,lumpia basah,susu,bubur sumsum,664.1,2,85,443,40.1,41,55
telur ceplok,kerang panggang,bihun goreng,jus melon,apel fuji,730.5,2,94,527,92.5,16,1
ikan tongkol goreng,ikan tongkol balado,gulai ikan,rujak pepaya alpukat,ronde,784.8,2,244,352,169,13.8,6
telur ceplok,tuna bumbu pepes,sayur bobor,getuk kacang hijau,cireng isi ayam,715,2,94,280,60,19,262
chicken nugget,tahu bacem,lumpia basah,dadar gulung,sari apel,753.1,2,574,69,40.1,67,3
teri basah goreng renyah,cap cay sayur,ikan belida bakar,jus apel,pisang,742,2,40,405,293,3,1
tempe bacem,ikan patin goreng,kari daging domba,jus nanas,takoyaki,608,2,68,61,210,2,267
teri basah goreng renyah,bubur sapi,sop kambing,jambu biji,jus wortel,775,2,40,320,384,2,29
nasi ciprat,tempe penyet,teri kacang balado,pisang panggang saus kurma,sari apel,670.7,2,10.2,241,406,10.5,3
gado-gado,tumis bayam,bubur manado,jus belimbing berembun,jus alpukat,797.6,2,126,408,242,3.6,18
ikan tongkol goreng,bebek bakar,tempe goreng tepung,jeruk,cireng isi ayam,777,2,244,193,76,2,262
kwetiau udang sambal rujak,ayam rendang,sandwich ikan tuna panggang,es kelapa muda,kue pukis,623.5,2,91.3,274,153.2,8,97
bubur kacang hijau,sayur tahu toge,sop kaki sapi,kue bugis isi kacang hijau,markisa,773,2,46,256,435,8,28
sayur bening bayam,ayam cincang buncis,ikan gabus asap,sari buah tropika,mangga kweni,731,2,162,241,320,6,2
ayam suwir,ikan lele panggang,sayur siram bumbu tumis,puding coklat,martabak telur,725.1,2,62,385,14.1,129,135
telur balado,ikan mujair goreng,lumpia basah,jus pepaya belimbing,susu kedelai,652.2,2,356,194,40.1,7.1,55
ikan mas goreng,ayam cincang buncis,sop kaki sapi,stroberi,cenil,795,2,88,241,435,1,30
ayam suwir,ikan lele panggang,gulai ikan,sari seledri timun,duku,640,2,62,385,169,23,1
laksa palembang,ikan patin goreng,lodeh terong,jus apel,puding vanila,636,2,240,61,197,3,135
paha ayam panggang,bening bayam tauge,ayam kalasan,pisang bakar saus manis,tahu walik,606.2,2,406,12.3,28.4,11.5,148
ikan bawal goreng,tumis oncom,tuna bumbu rica-rica,susu murni,cempedak,793,2,85,262,400,40,6
tuna bakar bumbu bali,tekwan,daging sapi panggang,cimol,apel fuji,613.2,2,19.2,186,217,190,1
sayur pakis,ikan tuna sambal goreng,ikan panggang,sari seledri campur,bubur sumsum,791,2,1,360,356,19,55
soto ayam,bakso sapi,sayur siram bumbu tumis,klepon,kue kacang,609.1,2,87,290,14.1,79,139
tempe bacem,kari daging sapi,tumis kapri manis,salak,onde-onde,702.5,2,68,551,1.5,2,80
tempe panggang,garang asem ayam,pepes teri,jus mangga,dimsum,748,2,31,213,67,2,435
kering tempe,ikan mujair goreng,tempe mendoan,susu,jus jeruk,690,2,221,194,233,41,1
gulai pakis,babat sapi,gadon tahu jamur,jambu biji,pastel,600.9,2,352,68,18.9,2,160
kacang panjang bumbu kuning,bakso aci,sup kentang,nanas,sukun goreng,644.5,2,9.5,214,418,1,2
nasi bakar,oseng tahu,ayam panggang bumbu bacem,jus pepaya kayu manis,pastel,766,2,169,405,26.7,5.3,160
telur ceplok air acar kuning,rendang,semur daging,salad buah,nangka,642.5,2,80.5,184,370,5,3
bubur nasi,ayam bakar,kangkung bumbu kare,dadar gulung,cenil,661.3,2,126,409,29.3,67,30
tumis sawi putih,tumis oncom,jengkol balado,kurma,cenil,730,2,211,262,225,2,30
soto daging,sup telur,tahu bumbu merah,kue bugis,martabak telur,708.3,2,152,355,5.3,61,135
bubur ayam,steak daging sapi,orak arik bening soun,kue bugis isi kacang hijau,mangga kweni,716.5,2,244,373,89.5,8,2
pecel sayur,mie bakso,tahu bumbu kukus,cimol,jus jeruk,749.9,2,346,193,19.9,190,1
soto daging,kepiting panggang,tempe kukus cabe hijau,durian,kue pukis,797.5,2,152,539,7.5,2,97
pecel sayur,telur puyuh bumbu kuning,spageti udang,lemang manis isi pisang,kue nagasari,643.2,2,346,73.1,90.5,3.6,130
nasi kebuli,ayam panggang,tumis tahu kentang seledri,sari seledri timun,jus wortel,629,2,166,405,6,23,29
telur balado,ikan tuna sambal goreng,tahu bumbu merah,jus jambu,mangga kweni,725.3,2,356,360,5.3,2,2
lontong sayur,bakso sapi,saboko gurita,sup buah tropika,yogurt,610.9,2,64,290,200,36.9,20
soto kudus,tumis pepaya muda,lodeh terong,jus belimbing berembun,wajik,636.6,2,171,125,197,3.6,140
tumis genjer,tempe orek,pepes tongkol sambal dabu-dabu,batagor,buah delima,608.8,2,218,209,26.8,152,3
perkedel kentang,oseng tahu,orak arik bening soun,jus apel,onde-onde,781.5,2,204,405,89.5,3,80
tuna bakar bumbu bali,ikan tuna panggang,ikan gabus asap,jus mentimun jambu,jus alpukat,725.7,2,19.2,366,320,2.5,18
urap megono,pepes bandeng presto,ikan belida bakar,batagor,puding vanila,628.4,2,28,20.4,293,152,135
gulai pakis,tahu cabe garam,oseng tahu tomat,asinan bengkuang nanas,martabak manis,653.5,2,352,40,5.9,5.6,250
soto banjar,sayur bunga pepaya,ayam geprek,talam ubi,jus jeruk,642.3,2,82,90,460,9.3,1
kupat tahu,pecel lele,kerang asap,jus wortel tomat,bakwan,635,2,244,48,160,19,164
ketoprak,asem-asem kangkung,ayam kalasan,es kuwut,tahu gejrot,692.4,2,391,32,28.4,74,167
ayam suwir,onigiri,ayam taliwang,sup buah tropika,apel fuji,671.9,2,62,140,432,36.9,1
tahu balado,ayam bakar,nasi goreng sayur,sari seledri timun,es buah,772.2,2,266,409,52.2,23,22
soto betawi,steak daging sapi,kangkung bumbu kare,kurma,bakpia,716.3,2,194,373,29.3,2,118
soto daging,cumi hitam,gadon tahu jamur,jus mangga,pisang,644.9,2,152,471,18.9,2,1
nasi liwet,pempek adaan,pecel,durian,mangga kweni,742,2,228,487,23,2,2
telur orak-arik,pempek adaan,tempe kukus cabe hijau,kue bugis,sari apel,769.5,2,211,487,7.5,61,3
telur balado,garang asem ayam,lodeh terong,manggis,mangga kweni,775,2,356,213,197,7,2
pepes tongkol,babat sapi,daging sapi panggang,jus pepaya belimbing,seblak,671.1,2,112,68,217,7.1,267
soto betawi,ikan tongkol balado,sayur rica rodoh,rambutan,lemper,743.8,2,194,352,2.8,10,185
perkedel kentang,tahu bacem,perkedel tahu,jus buah naga,kue beras,678,2,204,69,389,7,9
nasi pecel,spageti,perkedel tahu,pir,duku,631,2,8,232,389,1,1
pecel sayur,tekwan,urab,pir,lemper,730,2,346,186,12,1,185
nasi goreng ayam,tekwan,pepes teri,susu murni,bakwan,759,2,302,186,67,40,164
kupat tahu,nasi hijau harum,ikan gabus asap,susu,mangga kweni,685,2,244,78,320,41,2
pepes ikan mas,ayam rendang,ayam kalasan,jus pepaya kayu manis,tahu sumedang,694.7,2,191,274,28.4,5.3,196
tumis pare,tahu cabe garam,kalio telur,sari buah tropika,susu kedelai,766,2,125,40,540,6,55
telur ceplok,ikan belanak goreng,ikan cakalang asap,kurma,lemper,677,2,94,220,176,2,185
nasi liwet,sup nasi ayam,spageti udang,rambutan,pempek,724.5,2,228,339,90.5,10,57
tumis buncis,tahu bacem,tempe pesmol,cimol,serabi,622.5,2,263,69,3.5,190,97
perkedel kentang,kerang panggang,daun singkong bumbu iris,jambu biji,sale pisang,797,2,204,527,3,2,61
ikan mas goreng,ayam cincang buncis,sup kentang,jeruk,ronde,755,2,88,241,418,2,6
telur balado,ikan patin goreng,mie hokian,sari seledri campur,martabak manis,763.8,2,356,61,77.8,19,250
soto banjar,steak daging sapi,orak arik bening soun,rujak buah,jus alpukat,631.5,2,82,373,89.5,69,18
semur jengkol,garang asem ayam,makaroni bumbu merah,kue apem,bolu kukus,614,2,60,213,18,100,223
pepes tongkol,sambal goreng kentang,semur daging,pisang,kue cucur,712,2,112,114,370,1,115
tumis buncis,tempe penyet,mie rebus tauge,jus stroberi,martabak telur,675.3,2,263,241,35.3,1,135
sayur bening bayam,bebek bakar,ikan belida bakar,apel,sosis solo,730,2,162,193,293,1,81
nasi goreng udang,iga bakar,tempe pesmol,kurma,yogurt,764.5,2,467,272,3.5,2,20
tempe masak wijen,sate ayam,opor ayam,pisang,susu kedelai,634.2,2,4.2,355,219,1,55
semur jengkol,tahu bacem,sop buntut,apel,jus jeruk,609,2,60,69,478,1,1
pepes ikan mas,sup nasi ayam,nasi goreng sayur,kurma,tahu walik,732.2,2,191,339,52.2,2,148
sayur pakis,tumis bayam,gulai daging sapi,talam nangka,kue nagasari,768.3,2,1,408,225,4.3,130
teri basah goreng renyah,bebek bakar,teri kacang balado,jus belimbing berembun,buah delima,645.6,2,40,193,406,3.6,3
telur dadar,rendang,ampela goreng,kue apem,tahu walik,785,2,98,184,255,100,148
nasi goreng,nasi hijau harum,tempe pesmol,kurma,bakpia,616.5,2,415,78,3.5,2,118
tumis sawi putih,ikan kuah kuning,gulai daging sapi,stroberi,jus alpukat,617,2,211,162,225,1,18
kacang panjang bumbu kuning,dendeng sapi,mie hokian,nanas,wajik,671.3,2,9.5,443,77.8,1,140
telur ceplok,ayam bakar,nasi goreng kunyit,kue bugis isi kacang hijau,wajik,686,2,94,409,35,8,140
soto daging,dendeng sapi,makaroni bumbu merah,mentimun serut,sale pisang,680.1,2,152,443,18,6.1,61
pepes tahu,bakso sapi,ayam kalasan,jus belimbing berembun,kue beras,600,2,269,290,28.4,3.6,9
ikan mas goreng,oseng tahu,gulai kambing,sup buah tropika,mangga kweni,694.9,2,88,405,163,36.9,2
pepes ayam,onigiri,sop kaki sapi,talam ubi,sawo,745.3,2,149,140,435,9.3,12
ketoprak,bubur sapi,tumis kapri manis,jus nanas,jus wortel,743.5,2,391,320,1.5,2,29
ayam suwir,tumis oncom,sayur nangka,getuk kacang hijau,tahu isi,617,2,62,262,4,19,270
perkedel kentang,tumis buncis wortel bintik,ikan belida bakar,getuk kacang hijau,wajik,682,2,204,26,293,19,140
coto makasar,sambal teri,opor ayam,salak,kue kacang,781,2,271,150,219,2,139
tumis kol,sup telur,ayam panggang bumbu bacem,puding coklat,bluberi,625.7,2,114,355,26.7,129,1
sayur bening bayam,spageti,saboko gurita,pir,cenil,625,2,162,232,200,1,30
coto makasar,ikan patin bakar,nasi goreng kunyit,rambutan,jus jeruk,689,2,271,372,35,10,1
nasi liwet,mie ayam,rendang,pisang panggang saus kurma,pisang,702.5,2,228,279,184,10.5,1
pecel sayur,ayam rendang,urab,mentimun serut,puding vanila,773.1,2,346,274,12,6.1,135
rawon,mie bakso,gulai daging sapi,rujak buah,cenil,688,2,171,193,225,69,30
ayam suwir,ikan tuna panggang,bandeng presto,jus nanas,pempek,757,2,62,366,270,2,57
telur balado,sup nasi ayam,tumis tahu kentang seledri,sari buah tropika,sale pisang,768,2,356,339,6,6,61
tempe bacem,bakso sapi,ikan bandeng goreng,buah naga,bakpia,693,2,68,290,215,2,118
tumis kangkung,gudeg,hati ayam goreng,mentimun serut,tahu walik,777.1,2,384,147,92,6.1,148
lontong sayur,tuna bumbu pepes,ikan cakalang asap,jeruk,wajik,662,2,64,280,176,2,140
ikan kembung balado,bening bayam tauge,semur telur,pepaya,pempek,766.3,2,277,12.3,417,3,57
soto ayam,nasi rames,ikan gabus asap,rujak jeruk bali,onde-onde,760.7,2,87,265,320,8.7,80
tempe masak wijen,ikan patin bakar,lodeh terong,jus wortel tomat,cenil,622.2,2,4.2,372,197,19,30
laksa palembang,tumis pepaya muda,mie hokian,sari seledri timun,kue kacang,604.8,2,240,125,77.8,23,139
tahu balado,ayam betutu,sayur nangka,jus jambu,serabi,620,2,266,251,4,2,97
bubur ketan hitam,kepiting panggang,kerang asap,kelengkeng,sari apel,779,2,77,539,160,0,3
tumis buncis,ceker mercon,sandwich ikan tuna panggang,kurma,apel fuji,721.2,2,263,302,153.2,2,1
tumis pakcoy,mie bakso,gadon tahu jamur,kurma,pie susu,603.9,2,220,193,18.9,2,170
nasi ciprat,ikan patin goreng,bandeng presto,pepaya,cireng isi ayam,606.2,2,10.2,61,270,3,262
lontong sayur,ikan lele panggang,rendang,pir,wajik,774,2,64,385,184,1,140
teri basah goreng renyah,oseng tahu,gulai ayam,lemang manis isi pisang,bubur sumsum,710.6,2,40,405,207,3.6,55
pepes ikan mas,sate ayam,sandwich ikan tuna panggang,sari buah tropika,kue pancong,757.2,2,191,355,153.2,6,52
ayam rica-rica,spageti,nasi goreng sayur,kue apem,onde-onde,702.2,2,238,232,52.2,100,80
pepes tongkol,sate padang,gulai ikan,pisang,susu kedelai,684,2,112,347,169,1,55
tumis daun pepaya,iga bakar,sayur bobor,jeruk,kue pukis,644,2,213,272,60,2,97
telur dadar,beef teriyaki,tempe pesmol,sari seledri campur,kue kacang,636.5,2,98,377,3.5,19,139
nasi uduk,mie bakso,terong balado,kue bugis,es krim,734,2,198,193,262,61,20
telur orak-arik,bakso aci,ikan gabus asap,pir,semangka,747,2,211,214,320,1,1
soto banjar,beef burger,kangkung bumbu kare,getuk kacang hijau,bluberi,703.3,2,82,572,29.3,19,1
telur dadar,gudeg,ikan gurame asam manis,sari buah tropika,bluberi,761,2,98,147,509,6,1
tumis kol,sup nasi ayam,tempe goreng tepung,jambu biji,cireng isi ayam,793,2,114,339,76,2,262
kering tempe,sate usus,gadon tahu jamur,kelengkeng,buah delima,747.9,2,221,505,18.9,0,3
soto daging,ayam betutu,ikan panggang,mentimun serut,es krim,785.1,2,152,251,356,6.1,20
soto kudus,babat sapi,pepes tongkol sambal dabu-dabu,jus nanas,dimsum,702.8,2,171,68,26.8,2,435
tumis kol,ayam cincang buncis,ayam taliwang,jambu biji,tape singkong,796,2,114,241,432,2,7
soto banjar,sate padang,ikan belida bakar,mangga,yogurt,744,2,82,347,293,2,20
bubur kacang hijau,bakso aci,saboko gurita,rambutan,seblak,737,2,46,214,200,10,267
soto bandung,cumi goreng,kari daging domba,anggur,kue beras,688,2,132,335,210,2,9
lontong sayur,bubur sapi,perkedel tahu,rujak jeruk bali,sawo,793.7,2,64,320,389,8.7,12
ayam goreng,sayur tahu toge,gadon tahu jamur,talam ubi,apel fuji,635.2,2,350,256,18.9,9.3,1
tumis labu siam,dendeng sapi,ayam kalasan,jus mangga,kue bawang,685.4,2,145,443,28.4,2,67
kering tempe,ikan kuah kuning,daging sapi panggang,durian,cenil,632,2,221,162,217,2,30
telur dadar,tempe orek,paru sapi goreng,durian,nangka,668,2,98,209,356,2,3
ikan kembung balado,beef teriyaki,oseng tahu tomat,salak,pempek,718.9,2,277,377,5.9,2,57
teri basah goreng renyah,ikan tuna sambal goreng,bihun goreng,klepon,susu kedelai,626.5,2,40,360,92.5,79,55
nasi bakar,ayam rendang,bandeng presto,mentimun serut,duku,720.1,2,169,274,270,6.1,1
telur orak-arik,sate ayam,urab,melon,bakwan,758,2,211,355,12,16,164
pindang patin,beef teriyaki,brengkes patin,kelengkeng,tahu gejrot,677,2,90,377,43,0,167
pepes ikan mas,bakso ikan,gulai ikan,jus belimbing berembun,pastel,778.6,2,191,255,169,3.6,160
urap,telur puyuh bumbu kuning,bubur manado,kue bugis isi kacang hijau,lemper,759.1,2,251,73.1,242,8,185
ketoprak,tempe orek,gulai ikan,rujak pepaya alpukat,jus jeruk,783.8,2,391,209,169,13.8,1
tumis pakcoy,ikan belanak goreng,ayam panggang bumbu bacem,mangga,tahu sumedang,664.7,2,220,220,26.7,2,196
tumis sawi putih,bebek bakar,kari daging domba,kelengkeng,bluberi,615,2,211,193,210,0,1
nasi liwet,oseng tahu,mie rebus tauge,jus mentimun jambu,cenil,700.8,2,228,405,35.3,2.5,30
soto betawi,tempe penyet,pepes teri,sup buah serut,bolu pisang,799.3,2,194,241,67,33.3,264
soto betawi,sayur tahu toge,daging sapi panggang,jus buah naga,sosis solo,755,2,194,256,217,7,81
kering tempe,ceker mercon,terong goreng,sup buah serut,bakwan,782.3,2,221,302,62,33.3,164
ayam suwir kemangi,bening bayam tauge,ikan panggang,mentimun serut,bakpia,766.4,2,274,12.3,356,6.1,118
sayur pakis,sate ayam,pecel,susu,lemper,605,2,1,355,23,41,185
paha ayam panggang,gudeg,lumpia basah,susu,kue cucur,749.1,2,406,147,40.1,41,115
teri basah goreng renyah,sate padang,opor ayam,rambutan,tahu gejrot,783,2,40,347,219,10,167
gulai pakis,ayam bakar,pecel,stroberi,duku,786,2,352,409,23,1,1
tumis kacang panjang tempe,ayam rendang,tempe pesmol,puding coklat,pisang,702.5,2,295,274,3.5,129,1
gulai tunjang,ayam betutu,sayur siram bumbu tumis,rujak buah,es doger,673.1,2,215,251,14.1,69,124
tumis pare,ayam woku,tumis bandeng,anggur,duku,625,2,125,183,314,2,1
telur rebus,ikan tuna sambal goreng,pepes tongkol sambal dabu-dabu,es teler,cenil,710.8,2,139,360,26.8,155,30
soto kudus,ikan tongkol balado,terong balado,mangga,buah delima,790,2,171,352,262,2,3
telur ceplok,ikan lele panggang,nasi goreng kunyit,kue apem,lemper,799,2,94,385,35,100,185
bubur nasi,sate padang,bubur manado,sari buah tropika,buah delima,724,2,126,347,242,6,3
telur orak-arik,ikan kuah kuning,bandeng presto,jus pepaya kayu manis,tape singkong,655.3,2,211,162,270,5.3,7
soto bandung,tumis oncom,urab,putu mayang,bakwan,629,2,132,262,12,59,164
tumis kol,ayam penyet,pepes teri,cilok,serabi,787,2,114,288,67,221,97
soto banjar,kepiting panggang,nasi goreng sayur,sup buah tropika,tape singkong,717.1,2,82,539,52.2,36.9,7
nasi ciprat,ayam masak merah,ikan cakalang asap,batagor,puding vanila,755.2,2,10.2,282,176,152,135
belut goreng,bakso aci,sandwich ikan tuna panggang,es kelapa muda,buah delima,661.2,2,283,214,153.2,8,3
soto banjar,sup nasi ayam,tempe goreng tepung,jus nanas,martabak telur,634,2,82,339,76,2,135
ketoprak,sayur tahu toge,oseng tahu tomat,salak,sukun goreng,656.9,2,391,256,5.9,2,2
tumis buncis,ayam masak merah,ikan baung bakar,durian,yogurt,735,2,263,282,168,2,20
sayur pakis,bakso ayam,pecel,sup buah serut,pempek kapal selam,720.3,2,1,442,23,33.3,221
semur jengkol,kepiting panggang,mie rebus tauge,jus nanas,yogurt,656.3,2,60,539,35.3,2,20
ikan bawal goreng,sambal goreng kentang,ikan bandeng goreng,putu mayang,tahu gejrot,640,2,85,114,215,59,167
kupat tahu,ayam goreng,gadon tahu jamur,jus nanas,cempedak,620.9,2,244,350,18.9,2,6
soto banjar,terong bakar,lobstre panggang,jambu biji,nangka,719,2,82,2,630,2,3
belut goreng,ayam cincang buncis,nasi goreng sayur,rujak buah,jus semangka,646.2,2,283,241,52.2,69,1
nasi ciprat,onigiri,opor ayam,kurma,bolu pisang,635.2,2,10.2,140,219,2,264
telur ceplok,mie bakso,rendang,sup buah serut,kue cucur,619.3,2,94,193,184,33.3,115
coto makasar,ikan patin goreng,makaroni bumbu merah,jus jambu,kacang mete sangrai asin,660,2,271,61,18,2,308
dendeng sapi,ayam cincang buncis,tahu bumbu kukus,anggur,sari apel,708.9,2,443,241,19.9,2,3
tumis buncis,tekwan,ikan baung bakar,anggur,es krim,639,2,263,186,168,2,20
ayam suwir,sup nasi ayam,ikan belida bakar,sari buah tropika,yogurt,720,2,62,339,293,6,20
soto bandung,sayur tahu toge,daging sapi panggang,jus jambu,pastel,767,2,132,256,217,2,160
ikan mas goreng,kepiting panggang,terong goreng,jus mentimun jambu,duku,692.5,2,88,539,62,2.5,1
tumis pakcoy,ikan lele panggang,daun singkong bumbu iris,anggur,sari apel,613,2,220,385,3,2,3
nasi goreng,ikan mujair goreng,pepes teri,buah naga,semangka,679,2,415,194,67,2,1
gulai tunjang,bakso aci,opor ayam,talam nangka,sari apel,655.3,2,215,214,219,4.3,3
pepes tahu,tuna bumbu pepes,pepes teri,talam nangka,bakpia,738.3,2,269,280,67,4.3,118
lontong sayur,pepes bandeng presto,ayam geprek,pisang bakar saus manis,kue pancong,607.9,2,64,20.4,460,11.5,52
tuna bakar bumbu bali,ikan kuah kuning,sop buntut,nanas,sosis solo,741.2,2,19.2,162,478,1,81
soto betawi,tumis pepaya muda,gulai kambing,klepon,susu kedelai,616,2,194,125,163,79,55
ikan tongkol goreng,babat sapi,gulai ayam,jeruk,sosis solo,602,2,244,68,207,2,81
bubur kacang hijau,beef burger,tumis kapri manis,rujak buah,buah delima,691.5,2,46,572,1.5,69,3
teri basah goreng renyah,ikan lele panggang,hati ayam goreng,jeruk,puding vanila,654,2,40,385,92,2,135
semur jengkol,nasi hijau harum,bihun goreng,kue bugis,tape singkong,298.5,3,60,78,92.5,61,7
pepes ikan mas,bebek bakar,tumis tahu kentang seledri,mentimun serut,pisang,397.1,3,191,193,6,6.1,1
nasi ciprat,onigiri,tempe kukus cabe hijau,putu mayang,jus semangka,217.7,3,10.2,140,7.5,59,1
kwetiau udang sambal rujak,tahu bacem,nasi goreng kunyit,batagor,es krim,367.3,3,91.3,69,35,152,20
kacang panjang bumbu kuning,iga bakar,terong goreng,jus wortel tomat,yogurt,382.5,3,9.5,272,62,19,20
sayur pakis,pepes bandeng presto,saboko gurita,rujak pepaya alpukat,buah delima,238.2,3,1,20.4,200,13.8,3
sayur pakis,karedok,tahu siksa,es kuwut,sosis solo,293.8,3,1,127,10.8,74,81
teri basah goreng renyah,ikan panggang siram acar,sandwich ikan tuna panggang,pisang,kue nagasari,352.9,3,40,28.7,153.2,1,130
pepes tongkol,terong bakar,rendang,lemang manis isi pisang,bubur sumsum,356.6,3,112,2,184,3.6,55
nasi uduk,ikan patin goreng,sayur bobor,susu murni,jus semangka,360,3,198,61,60,40,1
soto ayam,ikan panggang siram acar,sayur bobor,jambu biji,kue nagasari,307.7,3,87,28.7,60,2,130
urap megono,ikan kuah kuning,sambal udang,salad buah,bubur sumsum,323,3,28,162,73,5,55
nasi bakar,nasi hijau harum,ayam kalasan,rambutan,sawo,297.4,3,169,78,28.4,10,12
tuna bakar bumbu bali,babat sapi,tahu bumbu merah,apel,lemper,278.5,3,19.2,68,5.3,1,185
tempe panggang,sambal teri,pecel,jambu biji,jus wortel,235,3,31,150,23,2,29
ikan tongkol goreng,terong bakar,sayur siram bumbu tumis,anggur,jus alpukat,280.1,3,244,2,14.1,2,18
kacang panjang bumbu kuning,sambal teri,nasi goreng kunyit,es kelapa muda,serabi,299.5,3,9.5,150,35,8,97
kacang panjang bumbu kuning,tahu cabe garam,opor ayam,pisang panggang saus kurma,jus jeruk,280,3,9.5,40,219,10.5,1
gado-gado,ikan panggang siram acar,tahu bumbu merah,kue tapioka,puding vanila,299.6,3,126,28.7,5.3,4.6,135
pepes ayam,terong bakar,gadon tahu jamur,jus jambu,pempek kapal selam,392.9,3,149,2,18.9,2,221
ikan bawal goreng,karedok,tahu siksa,salad buah,jus alpukat,245.8,3,85,127,10.8,5,18
urap megono,telur puyuh bumbu kuning,tumis tahu kentang seledri,pisang panggang saus kurma,serabi,214.6,3,28,73.1,6,10.5,97
telur rebus,nasi hijau harum,ikan mujair pepes,jus apel,markisa,306,3,139,78,58,3,28
teri basah goreng renyah,telur puyuh bumbu kuning,sandwich ikan tuna panggang,pisang panggang saus kurma,apel fuji,277.8,3,40,73.1,153.2,10.5,1
pindang patin,babat sapi,ikan bakar bumbu kecap,jus jambu,puding vanila,394.5,3,90,68,99.5,2,135
semur jengkol,tumis pepaya muda,sambal udang,kelengkeng,kue pancong,310,3,60,125,73,0,52
tumis daun pepaya,tumis buncis wortel bintik,tahu bumbu kukus,sup buah tropika,pisang,296.8,3,213,26,19.9,36.9,1
nasi liwet,ikan patin goreng,ikan mujair pepes,rujak pepaya alpukat,pisang,361.8,3,228,61,58,13.8,1
rawon,pepes bandeng presto,sayur rica rodoh,putu mayang,buah delima,256.2,3,171,20.4,2.8,59,3
tuna bakar bumbu bali,tuna bumbu pepes,tahu bumbu kukus,talam nangka,sawo,335.4,3,19.2,280,19.9,4.3,12
nasi goreng tuna,telur puyuh bumbu kuning,tahu siksa,rujak buah,martabak telur,329.6,3,41.7,73.1,10.8,69,135
pindang patin,tahu cabe garam,tahu siksa,kue bugis,kue pancong,253.8,3,90,40,10.8,61,52
telur rebus,sambal goreng kentang,gadon tahu jamur,es kelapa muda,nangka,282.9,3,139,114,18.9,8,3
sayur pakis,pepes bandeng presto,tahu bumbu merah,jeruk,risol bihun,231.7,3,1,20.4,5.3,2,203
ikan mas goreng,rendang,sayur rica rodoh,jus pepaya belimbing,kue pukis,378.9,3,88,184,2.8,7.1,97
nasi pecel,telur puyuh bumbu kuning,opor ayam,rujak jeruk bali,semangka,309.8,3,8,73.1,219,8.7,1
sayur pakis,sambal goreng kentang,orak arik bening soun,jus nanas,semangka,207.5,3,1,114,89.5,2,1
nasi pecel,bakso aci,terong goreng,jus stroberi,kue beras,294,3,8,214,62,1,9
bubur kacang hijau,nasi hijau harum,urab,pisang panggang saus kurma,kue nastar,268.5,3,46,78,12,10.5,122
bubur nasi,sambal goreng kentang,sayur rica rodoh,susu murni,susu kedelai,337.8,3,126,114,2.8,40,55
tumis pare,tempe penyet,tumis kapri manis,mentimun serut,cempedak,379.6,3,125,241,1.5,6.1,6
tempe masak wijen,bakso aci,tahu bumbu merah,jus melon,martabak telur,374.5,3,4.2,214,5.3,16,135
soto kudus,bening bayam tauge,sayur rica rodoh,kue bugis,wajik,387.1,3,171,12.3,2.8,61,140
pepes ayam,ikan patin goreng,sayur rica rodoh,jus pepaya kayu manis,pie susu,388.1,3,149,61,2.8,5.3,170
soto kudus,tumis buncis wortel bintik,sandwich ikan tuna panggang,pisang bakar saus manis,sawo,373.7,3,171,26,153.2,11.5,12
ayam rica-rica,babat sapi,daun singkong bumbu iris,rujak pepaya alpukat,apel fuji,323.8,3,238,68,3,13.8,1
pepes tongkol,sayur bunga pepaya,brengkes patin,talam nangka,sari apel,252.3,3,112,90,43,4.3,3
sayur bening bayam,karedok,tahu siksa,susu,sukun goreng,342.8,3,162,127,10.8,41,2
tumis pare,pecel lele,ikan bakar bumbu kecap,jus mentimun jambu,es krim,295,3,125,48,99.5,2.5,20
teri basah goreng renyah,tumis oncom,daun singkong bumbu iris,rambutan,markisa,343,3,40,262,3,10,28
ayam goreng,bening bayam tauge,tumis ikan tongkol,pepaya,jus jeruk,385.3,3,350,12.3,19,3,1
pepes tongkol,karedok,ayam panggang bumbu bacem,anggur,kue pancong,319.7,3,112,127,26.7,2,52
sayur pakis,bakso ikan,terong goreng,kue tapioka,tape singkong,329.6,3,1,255,62,4.6,7
tempe goreng,nasi hijau harum,ayam kalasan,salad buah,pisang,389.4,3,277,78,28.4,5,1
nasi bakar,nasi hijau harum,nasi goreng sayur,kue tapioka,jus wortel,332.8,3,169,78,52.2,4.6,29
rawon,sambal goreng kentang,hati ayam goreng,jus pepaya kayu manis,jus semangka,383.3,3,171,114,92,5.3,1
telur dadar,mie bakso,nasi goreng kunyit,jeruk,jus semangka,329,3,98,193,35,2,1
nasi ciprat,nasi rames,ayam panggang bumbu bacem,sari seledri campur,duku,321.9,3,10.2,265,26.7,19,1
tempe masak wijen,ayam penyet,hati ayam goreng,kue tapioka,pisang,389.8,3,4.2,288,92,4.6,1
telur dadar,sambal goreng kentang,gadon tahu jamur,sari seledri campur,jus semangka,250.9,3,98,114,18.9,19,1
telur ceplok air acar kuning,tahu cabe garam,mie hokian,kue apem,kue bawang,365.3,3,80.5,40,77.8,100,67
rawon,tahu cabe garam,spageti udang,es kelapa muda,kue bawang,376.5,3,171,40,90.5,8,67
ayam suwir,bakso ikan,kangkung bumbu kare,jus apel,markisa,377.3,3,62,255,29.3,3,28
teri basah goreng renyah,sambal goreng kentang,lumpia basah,es teler,semangka,350.1,3,40,114,40.1,155,1
bubur nasi,tahu bacem,urab,jus melon,kue kacang,362,3,126,69,12,16,139
soto kudus,terong bakar,ikan mujair pepes,nanas,jus jeruk,233,3,171,2,58,1,1
nasi pecel,pepes bandeng presto,gulai kambing,jus jambu,wajik,333.4,3,8,20.4,163,2,140
tuna bakar bumbu bali,sate padang,sayur nangka,jus apel,cempedak,379.2,3,19.2,347,4,3,6
bubur kacang hijau,babat sapi,sayur rica rodoh,kue bolu,pisang,345.8,3,46,68,2.8,228,1
kering tempe,babat sapi,pepes teri,jus mentimun jambu,sari apel,361.5,3,221,68,67,2.5,3
pepes ayam,ikan panggang siram acar,mie rebus tauge,lemang manis isi pisang,duku,217.6,3,149,28.7,35.3,3.6,1
ayam rica-rica,sayur bunga pepaya,kangkung bumbu kare,getuk kacang hijau,yogurt,396.3,3,238,90,29.3,19,20
tumis genjer,terong bakar,tahu siksa,batagor,buah delima,385.8,3,218,2,10.8,152,3
pepes tongkol,karedok,tumis tahu kentang seledri,mentimun serut,kue nagasari,381.1,3,112,127,6,6.1,130
urap,sambal goreng kentang,daun singkong bumbu iris,jus pepaya belimbing,apel fuji,376.1,3,251,114,3,7.1,1
laksa palembang,asem-asem kangkung,lumpia basah,susu,jus wortel,382.1,3,240,32,40.1,41,29
soto kudus,tumis pepaya muda,nasi goreng kunyit,jus pepaya kayu manis,cempedak,342.3,3,171,125,35,5.3,6
urap megono,onigiri,pepes tongkol sambal dabu-dabu,jus buah naga,duku,202.8,3,28,140,26.8,7,1
soto ayam,tahu bacem,ikan bandeng goreng,kue tapioka,nangka,378.6,3,87,69,215,4.6,3
ayam suwir,tahu bacem,bihun goreng,jus buah naga,sari apel,233.5,3,62,69,92.5,7,3
coto makasar,sayur bunga pepaya,oseng tahu tomat,salak,sawo,380.9,3,271,90,5.9,2,12
nasi goreng tuna,nasi hijau harum,tempe goreng tepung,sup buah tropika,buah delima,235.6,3,41.7,78,76,36.9,3
tumis sawi putih,asem-asem kangkung,mie rebus tauge,lemang manis isi pisang,kue cucur,396.9,3,211,32,35.3,3.6,115
teri basah goreng renyah,ayam rendang,tahu siksa,asinan bengkuang nanas,yogurt,350.4,3,40,274,10.8,5.6,20
coto makasar,babat sapi,tahu siksa,manggis,jus jeruk,357.8,3,271,68,10.8,7,1
ayam suwir,mie bakso,sambal udang,jus apel,cenil,361,3,62,193,73,3,30
tumis labu siam,pepes bandeng presto,kari daging domba,jus nanas,pisang,378.4,3,145,20.4,210,2,1
tumis kol,telur puyuh bumbu kuning,sayur bobor,puding coklat,kue beras,385.1,3,114,73.1,60,129,9
bubur kacang hijau,ikan patin goreng,pepes teri,puding coklat,kue pancong,355,3,46,61,67,129,52
nasi ciprat,ayam penyet,tahu siksa,jus mangga,kue pancong,363,3,10.2,288,10.8,2,52
urap megono,sambal teri,spageti udang,pisang panggang saus kurma,sosis solo,360,3,28,150,90.5,10.5,81
semur jengkol,telur puyuh bumbu kuning,mie rebus tauge,kue bugis,kue kacang,368.4,3,60,73.1,35.3,61,139
sayur pakis,onigiri,kangkung bumbu kare,susu murni,bakwan,374.3,3,1,140,29.3,40,164
tumis kol,gudeg,pecel,jus mentimun jambu,bubur sumsum,341.5,3,114,147,23,2.5,55
tuna bakar bumbu bali,asem-asem kangkung,tumis ikan tongkol,kue bugis isi kacang hijau,kue nastar,200.2,3,19.2,32,19,8,122
tempe masak wijen,babat sapi,makaroni bumbu merah,pisang bakar saus manis,pastel,261.7,3,4.2,68,18,11.5,160
nasi goreng tuna,tempe penyet,tempe kukus cabe hijau,rujak jeruk bali,sari apel,301.9,3,41.7,241,7.5,8.7,3
tempe goreng,asem-asem kangkung,tumis ikan tongkol,buah naga,sari apel,333,3,277,32,19,2,3
tempe bacem,sambal goreng kentang,kangkung bumbu kare,pir,es krim,232.3,3,68,114,29.3,1,20
tempe bacem,telur puyuh bumbu kuning,gulai daging sapi,rambutan,sukun goreng,378.1,3,68,73.1,225,10,2
nasi pecel,pecel lele,tumis bandeng,nanas,markisa,399,3,8,48,314,1,28
sayur pakis,babat sapi,sambal udang,jus mentimun jambu,serabi,241.5,3,1,68,73,2.5,97
soto banjar,tempe penyet,nasi goreng kunyit,jus apel,markisa,389,3,82,241,35,3,28
nasi pecel,bebek bakar,tahu siksa,mangga,sari apel,216.8,3,8,193,10.8,2,3
soto daging,karedok,daun singkong bumbu iris,mentimun serut,buah delima,291.1,3,152,127,3,6.1,3
bubur nasi,telur puyuh bumbu kuning,oseng tahu tomat,jus nanas,kue pancong,259,3,126,73.1,5.9,2,52
ayam suwir,onigiri,tumis tahu kentang seledri,apel,bubur sumsum,264,3,62,140,6,1,55
telur rebus,ikan panggang siram acar,kerang asap,jus nanas,jus jeruk,330.7,3,139,28.7,160,2,1
ikan mas goreng,asem-asem kangkung,nasi goreng kunyit,putu mayang,kue pancong,266,3,88,32,35,59,52
sayur pakis,garang asem ayam,ayam kalasan,jus belimbing berembun,duku,247,3,1,213,28.4,3.6,1
soto bandung,gudeg,sayur rica rodoh,mentimun serut,pempek,344.9,3,132,147,2.8,6.1,57
nasi ciprat,tumis pepaya muda,gulai daging sapi,jus mangga,jus semangka,363.2,3,10.2,125,225,2,1
kacang panjang bumbu kuning,ikan kuah kuning,sambal udang,kue bugis,onde-onde,385.5,3,9.5,162,73,61,80
tempe panggang,bebek bakar,makaroni bumbu merah,lemang manis isi pisang,mangga kweni,247.6,3,31,193,18,3.6,2
pepes ikan mas,onigiri,ikan mujair pepes,jambu biji,semangka,392,3,191,140,58,2,1
tuna bakar bumbu bali,ikan panggang siram acar,nasi goreng sayur,talam ubi,kue pukis,206.4,3,19.2,28.7,52.2,9.3,97
semur jengkol,karedok,gulai ikan,kue tapioka,jus jeruk,361.6,3,60,127,169,4.6,1
telur dadar,karedok,pepes tongkol sambal dabu-dabu,lemang manis isi pisang,susu kedelai,310.4,3,98,127,26.8,3.6,55
semur jengkol,bening bayam tauge,brengkes patin,klepon,martabak telur,329.3,3,60,12.3,43,79,135
tempe panggang,ikan mujair goreng,kangkung bumbu kare,jus mangga,sale pisang,317.3,3,31,194,29.3,2,61
sayur bening bayam,rendang,tumis tahu kentang seledri,talam nangka,sawo,368.3,3,162,184,6,4.3,12
laksa palembang,pepes bandeng presto,pepes tongkol sambal dabu-dabu,jus pepaya belimbing,es buah,316.3,3,240,20.4,26.8,7.1,22
pindang patin,asem-asem kangkung,ikan bandeng goreng,jus mangga,yogurt,359,3,90,32,215,2,20
telur ceplok,terong bakar,tempe pesmol,es teler,serabi,351.5,3,94,2,3.5,155,97
nasi pecel,sayur bunga pepaya,jengkol balado,jeruk,tape singkong,332,3,8,90,225,2,7
tempe bacem,tumis buncis wortel bintik,orak arik bening soun,pisang,kue nagasari,314.5,3,68,26,89.5,1,130
kwetiau udang sambal rujak,asem-asem kangkung,ikan cakalang asap,jus mangga,pisang,302.3,3,91.3,32,176,2,1
pindang patin,pecel lele,ikan mujair pepes,dadar gulung,onde-onde,343,3,90,48,58,67,80
tumis kol,gudeg,lumpia basah,kue bugis,cempedak,368.1,3,114,147,40.1,61,6
gulai tunjang,asem-asem kangkung,makaroni bumbu merah,jus jambu,kue cucur,382,3,215,32,18,2,115
telur dadar,sayur bunga pepaya,terong goreng,anggur,semangka,253,3,98,90,62,2,1
ayam suwir kemangi,pepes bandeng presto,tumis ikan tongkol,jus stroberi,onde-onde,394.4,3,274,20.4,19,1,80
tumis kol,telur puyuh bumbu kuning,gulai ikan,rambutan,nangka,369.1,3,114,73.1,169,10,3
tempe masak wijen,nasi rames,gadon tahu jamur,talam ubi,jus jeruk,298.4,3,4.2,265,18.9,9.3,1
soto betawi,ikan patin goreng,tempe pesmol,buah naga,martabak telur,395.5,3,194,61,3.5,2,135
pepes ayam,tumis buncis wortel bintik,kangkung bumbu kare,jus pepaya belimbing,jus alpukat,229.4,3,149,26,29.3,7.1,18
tumis kol,gudeg,tempe goreng tepung,jus apel,ronde,346,3,114,147,76,3,6
ikan mas goreng,garang asem ayam,sambal udang,pisang bakar saus manis,semangka,386.5,3,88,213,73,11.5,1
soto kudus,tahu cabe garam,nasi goreng sayur,pir,bakpia,382.2,3,171,40,52.2,1,118
soto betawi,nasi hijau harum,sayur siram bumbu tumis,susu murni,kue beras,335.1,3,194,78,14.1,40,9
semur jengkol,mie bakso,sayur siram bumbu tumis,es kelapa muda,es buah,297.1,3,60,193,14.1,8,22
gado-gado,asem-asem kangkung,ikan bandeng goreng,talam ubi,apel fuji,383.3,3,126,32,215,9.3,1
kering tempe,sambal goreng kentang,sayur siram bumbu tumis,talam nangka,markisa,381.4,3,221,114,14.1,4.3,28
tahu balado,terong bakar,tumis tahu kentang seledri,kue apem,bluberi,375,3,266,2,6,100,1
tuna bakar bumbu bali,ayam betutu,mie rebus tauge,getuk kacang hijau,tape singkong,331.5,3,19.2,251,35.3,19,7
tempe panggang,tumis pepaya muda,daun singkong bumbu iris,nanas,kue cucur,275,3,31,125,3,1,115
tempe panggang,iga bakar,mie hokian,rujak jeruk bali,duku,390.5,3,31,272,77.8,8.7,1
soto banjar,bakso aci,urab,pisang panggang saus kurma,buah delima,321.5,3,82,214,12,10.5,3
soto betawi,pepes bandeng presto,sayur siram bumbu tumis,jus melon,puding vanila,379.5,3,194,20.4,14.1,16,135
tempe bacem,telur puyuh bumbu kuning,pepes teri,rujak pepaya alpukat,bluberi,222.9,3,68,73.1,67,13.8,1
ayam rica-rica,tahu cabe garam,ayam panggang bumbu bacem,jus melon,sale pisang,381.7,3,238,40,26.7,16,61
ikan kembung balado,tumis buncis wortel bintik,tempe kukus cabe hijau,sari buah tropika,jus jeruk,317.5,3,277,26,7.5,6,1
soto bandung,tempe orek,tumis ikan tongkol,salak,jus semangka,363,3,132,209,19,2,1
semur jengkol,onigiri,terong goreng,susu murni,kue pancong,354,3,60,140,62,40,52
telur ceplok,sayur bunga pepaya,tumis kapri manis,buah naga,pastel,347.5,3,94,90,1.5,2,160
nasi kebuli,bening bayam tauge,gadon tahu jamur,pir,tahu walik,346.2,3,166,12.3,18.9,1,148
soto ayam,tumis pepaya muda,gadon tahu jamur,rambutan,onde-onde,320.9,3,87,125,18.9,10,80
kering tempe,sambal goreng kentang,kangkung bumbu kare,pisang,tape singkong,372.3,3,221,114,29.3,1,7
tumis pare,babat sapi,gulai ikan,jeruk,semangka,365,3,125,68,169,2,1
tempe masak wijen,tekwan,tahu siksa,jus mentimun jambu,jus alpukat,221.5,3,4.2,186,10.8,2.5,18
tempe panggang,karedok,ikan mujair pepes,pisang,pempek,274,3,31,127,58,1,57
telur orak-arik,babat sapi,tahu bumbu merah,jus mentimun jambu,ronde,292.8,3,211,68,5.3,2.5,6
semur jengkol,ayam penyet,daun singkong bumbu iris,apel,kue beras,361,3,60,288,3,1,9
soto daging,asem-asem kangkung,lodeh terong,kurma,kue beras,392,3,152,32,197,2,9
sayur pakis,telur puyuh bumbu kuning,ikan bakar bumbu kecap,talam ubi,kue bawang,249.9,3,1,73.1,99.5,9.3,67
semur jengkol,ikan panggang siram acar,gulai ikan,jus belimbing berembun,onde-onde,341.3,3,60,28.7,169,3.6,80
nasi ciprat,tahu cabe garam,kari daging domba,pisang,buah delima,264.2,3,10.2,40,210,1,3
telur ceplok,rendang,tumis tahu kentang seledri,stroberi,ronde,291,3,94,184,6,1,6
bubur kacang hijau,bening bayam tauge,bihun goreng,buah naga,susu kedelai,207.8,3,46,12.3,92.5,2,55
perkedel kentang,pecel lele,tumis ikan tongkol,talam ubi,kue pukis,377.3,3,204,48,19,9.3,97
pepes tongkol,pecel lele,ikan bakar bumbu kecap,salak,bubur sumsum,316.5,3,112,48,99.5,2,55
belut goreng,tahu cabe garam,tumis ikan tongkol,pepaya,buah delima,348,3,283,40,19,3,3
tumis pakcoy,asem-asem kangkung,pepes tongkol sambal dabu-dabu,salak,buah delima,283.8,3,220,32,26.8,2,3
kacang panjang bumbu kuning,tahu cabe garam,ikan baung bakar,kue tapioka,apel fuji,223.1,3,9.5,40,168,4.6,1
laksa palembang,bening bayam tauge,terong goreng,jus wortel tomat,cenil,363.3,3,240,12.3,62,19,30
sayur bening bayam,telur puyuh bumbu kuning,mie rebus tauge,jus mangga,nangka,275.4,3,162,73.1,35.3,2,3
tempe panggang,ayam masak merah,kangkung bumbu kare,pisang,apel fuji,344.3,3,31,282,29.3,1,1
bubur ketan hitam,bening bayam tauge,sandwich ikan tuna panggang,sup buah tropika,yogurt,299.4,3,77,12.3,153.2,36.9,20
nasi goreng tuna,garang asem ayam,daun singkong bumbu iris,jus jambu,jus jeruk,260.7,3,41.7,213,3,2,1
lontong sayur,ikan belanak goreng,oseng tahu tomat,mentimun serut,nangka,299,3,64,220,5.9,6.1,3
ayam rica-rica,ikan panggang siram acar,ayam kalasan,mangga,es krim,317.1,3,238,28.7,28.4,2,20
tumis kol,sambal goreng kentang,tempe kukus cabe hijau,melon,apel fuji,252.5,3,114,114,7.5,16,1
tahu balado,babat sapi,pecel,buah naga,ronde,365,3,266,68,23,2,6
telur dadar,tahu cabe garam,sambal udang,jus stroberi,sari apel,215,3,98,40,73,1,3
soto betawi,pepes bandeng presto,tumis tahu kentang seledri,pisang,apel fuji,222.4,3,194,20.4,6,1,1
rawon,tumis buncis wortel bintik,bihun goreng,apel,markisa,318.5,3,171,26,92.5,1,28
ayam suwir,babat sapi,saboko gurita,rambutan,semangka,341,3,62,68,200,10,1
ikan bawal goreng,rendang,sayur siram bumbu tumis,asinan bengkuang nanas,susu kedelai,343.7,3,85,184,14.1,5.6,55
nasi pecel,pecel lele,gulai ikan,jus pepaya kayu manis,kue nagasari,360.3,3,8,48,169,5.3,130
sayur pakis,ayam cincang buncis,tumis ikan tongkol,jeruk,sukun goreng,265,3,1,241,19,2,2
pepes ayam,bakso aci,sayur nangka,salad buah,tape singkong,379,3,149,214,4,5,7
bubur ketan hitam,ayam rendang,daun singkong bumbu iris,asinan bengkuang nanas,markisa,387.6,3,77,274,3,5.6,28
tempe panggang,ayam betutu,ikan mujair pepes,salak,sukun goreng,344,3,31,251,58,2,2
nasi ciprat,pecel lele,pepes tongkol sambal dabu-dabu,jus mentimun jambu,tahu gejrot,254.5,3,10.2,48,26.8,2.5,167
ikan bawal goreng,pecel lele,pecel,sari seledri timun,es doger,303,3,85,48,23,23,124
tempe panggang,ikan panggang siram acar,oseng tahu tomat,jus pepaya belimbing,kue kacang,211.7,3,31,28.7,5.9,7.1,139
telur rebus,sayur bunga pepaya,ayam panggang bumbu bacem,mangga,serabi,354.7,3,139,90,26.7,2,97
tempe masak wijen,babat sapi,tahu siksa,getuk kacang hijau,tahu gejrot,269,3,4.2,68,10.8,19,167
semur jengkol,sambal teri,brengkes patin,pepaya,pempek,313,3,60,150,43,3,57
ikan bawal goreng,ikan patin goreng,tempe kukus cabe hijau,talam nangka,pempek,214.8,3,85,61,7.5,4.3,57
tempe masak wijen,karedok,tempe goreng tepung,susu,sari apel,251.2,3,4.2,127,76,41,3
tempe masak wijen,sayur bunga pepaya,kari daging domba,jus jambu,kue bawang,373.2,3,4.2,90,210,2,67
kacang panjang bumbu kuning,bakso aci,terong goreng,manggis,markisa,320.5,3,9.5,214,62,7,28
tuna bakar bumbu bali,bening bayam tauge,pepes tongkol sambal dabu-dabu,es teler,ronde,219.3,3,19.2,12.3,26.8,155,6
soto ayam,ikan belanak goreng,tempe pesmol,jus apel,duku,314.5,3,87,220,3.5,3,1
tempe panggang,ikan patin goreng,bandeng presto,jus wortel tomat,kue beras,390,3,31,61,270,19,9
pindang patin,terong bakar,ikan bakar bumbu kecap,stroberi,bubur sumsum,247.5,3,90,2,99.5,1,55
soto banjar,tahu bacem,hati ayam goreng,kelengkeng,sale pisang,304,3,82,69,92,0,61
lontong sayur,sambal goreng kentang,ikan bandeng goreng,nanas,cempedak,400,3,64,114,215,1,6
tumis buncis,tumis buncis wortel bintik,ayam panggang bumbu bacem,mentimun serut,jus wortel,350.8,3,263,26,26.7,6.1,29
nasi ciprat,pecel lele,tahu bumbu kukus,manggis,pastel,245.1,3,10.2,48,19.9,7,160
semur jengkol,nasi hijau harum,tumis ikan tongkol,pisang,bolu kukus,381,3,60,78,19,1,223
telur ceplok,tekwan,oseng tahu tomat,stroberi,kue beras,295.9,3,94,186,5.9,1,9
kwetiau udang sambal rujak,sayur bunga pepaya,sayur siram bumbu tumis,rambutan,jus alpukat,223.4,3,91.3,90,14.1,10,18
tempe masak wijen,sayur bunga pepaya,daun singkong bumbu iris,pisang,tahu walik,246.2,3,4.2,90,3,1,148
ikan tongkol goreng,sayur bunga pepaya,tumis kapri manis,jus stroberi,mangga kweni,338.5,3,244,90,1.5,1,2
tempe goreng,telur puyuh bumbu kuning,nasi goreng kunyit,buah naga,jus semangka,388.1,3,277,73.1,35,2,1
soto ayam,pepes bandeng presto,lodeh terong,sup buah serut,sukun goreng,339.7,3,87,20.4,197,33.3,2
tumis labu siam,tumis buncis wortel bintik,nasi goreng kunyit,jus mangga,onde-onde,288,3,145,26,35,2,80
rawon,sayur bunga pepaya,gadon tahu jamur,jus belimbing berembun,cenil,313.5,3,171,90,18.9,3.6,30
pepes tongkol,tumis buncis wortel bintik,tahu bumbu kukus,susu,buah delima,201.9,3,112,26,19.9,41,3
sayur pakis,tahu cabe garam,rendang,jus wortel tomat,pempek,301,3,1,40,184,19,57
kwetiau udang sambal rujak,asem-asem kangkung,sayur siram bumbu tumis,es teler,sale pisang,353.4,3,91.3,32,14.1,155,61
tumis sawi putih,tumis buncis wortel bintik,oseng tahu tomat,rujak jeruk bali,pempek,308.6,3,211,26,5.9,8.7,57
ikan mas goreng,tumis buncis wortel bintik,tempe pesmol,apel,cireng isi ayam,380.5,3,88,26,3.5,1,262
tuna bakar bumbu bali,bening bayam tauge,hati ayam goreng,pepaya,kue kacang,265.5,3,19.2,12.3,92,3,139
laksa palembang,terong bakar,tahu siksa,rambutan,jus alpukat,280.8,3,240,2,10.8,10,18
telur orak-arik,karedok,mie rebus tauge,sari buah tropika,buah delima,382.3,3,211,127,35.3,6,3
bubur nasi,pepes bandeng presto,makaroni bumbu merah,buah naga,susu kedelai,221.4,3,126,20.4,18,2,55
tuna bakar bumbu bali,sayur tahu toge,daun singkong bumbu iris,es kelapa muda,duku,287.2,3,19.2,256,3,8,1
pepes tongkol,pecel lele,gadon tahu jamur,rujak pepaya alpukat,cenil,222.7,3,112,48,18.9,13.8,30
tempe panggang,sayur bunga pepaya,ikan mujair pepes,talam nangka,kue bawang,250.3,3,31,90,58,4.3,67
ikan tongkol goreng,terong bakar,ikan bakar bumbu kecap,pepaya,jus wortel,377.5,3,244,2,99.5,3,29
soto daging,gudeg,nasi goreng sayur,pisang panggang saus kurma,nangka,364.7,3,152,147,52.2,10.5,3
semur jengkol,terong bakar,mie rebus tauge,kelengkeng,bakpia,215.3,3,60,2,35.3,0,118
rawon,babat sapi,pecel,getuk kacang hijau,jus semangka,282,3,171,68,23,19,1
tempe panggang,bakso aci,tempe kukus cabe hijau,puding coklat,sari apel,384.5,3,31,214,7.5,129,3
nasi ciprat,ikan mujair goreng,brengkes patin,jambu biji,jus wortel,278.2,3,10.2,194,43,2,29
nasi goreng tuna,spageti,makaroni bumbu merah,stroberi,sosis solo,373.7,3,41.7,232,18,1,81
tumis genjer,tahu bacem,tumis kapri manis,mentimun serut,serabi,391.6,3,218,69,1.5,6.1,97
soto bandung,sayur bunga pepaya,tahu bumbu merah,es kelapa muda,kue pukis,332.3,3,132,90,5.3,8,97
soto daging,tumis buncis wortel bintik,orak arik bening soun,kelengkeng,pisang,268.5,3,152,26,89.5,0,1
tuna bakar bumbu bali,tekwan,tumis kapri manis,jus jambu,jus semangka,209.7,3,19.2,186,1.5,2,1
nasi goreng tuna,tuna bumbu pepes,pepes tongkol sambal dabu-dabu,manggis,jus semangka,356.5,3,41.7,280,26.8,7,1
pepes tahu,tumis buncis wortel bintik,nasi goreng kunyit,manggis,ronde,343,3,269,26,35,7,6
tumis kol,ikan panggang siram acar,lumpia basah,kue apem,bubur sumsum,337.8,3,114,28.7,40.1,100,55
tumis pare,tumis buncis wortel bintik,saboko gurita,sari seledri timun,tape singkong,381,3,125,26,200,23,7
gado-gado,nasi hijau harum,terong goreng,klepon,jus alpukat,363,3,126,78,62,79,18
nasi kebuli,ikan patin goreng,tahu bumbu merah,jus mangga,kue pukis,331.3,3,166,61,5.3,2,97
gado-gado,tahu cabe garam,lumpia basah,manggis,kue pukis,310.1,3,126,40,40.1,7,97
semur jengkol,nasi rames,sayur rica rodoh,jeruk,es buah,351.8,3,60,265,2.8,2,22
ayam suwir,tumis oncom,brengkes patin,pir,mangga kweni,370,3,62,262,43,1,2
sayur pakis,telur puyuh bumbu kuning,sayur nangka,putu mayang,tahu walik,285.1,3,1,73.1,4,59,148
ayam suwir,telur puyuh bumbu kuning,terong goreng,rujak pepaya alpukat,duku,211.9,3,62,73.1,62,13.8,1
urap,terong bakar,gadon tahu jamur,salak,bluberi,274.9,3,251,2,18.9,2,1
nasi pecel,mie bakso,tempe goreng tepung,buah naga,jus wortel,308,3,8,193,76,2,29
rawon,tahu bacem,nasi goreng sayur,mentimun serut,sari apel,301.3,3,171,69,52.2,6.1,3
telur ceplok,sayur bunga pepaya,nasi goreng sayur,mentimun serut,martabak telur,377.3,3,94,90,52.2,6.1,135
sayur pakis,sup nasi ayam,sayur siram bumbu tumis,stroberi,markisa,383.1,3,1,339,14.1,1,28
bubur ayam,babat sapi,tahu bumbu merah,manggis,duku,325.3,3,244,68,5.3,7,1
pepes tongkol,telur puyuh bumbu kuning,tempe goreng tepung,jus jambu,ronde,269.1,3,112,73.1,76,2,6
telur ceplok,pecel lele,orak arik bening soun,pir,puding vanila,367.5,3,94,48,89.5,1,135
nasi kebuli,asem-asem kangkung,makaroni bumbu merah,dadar gulung,tape singkong,290,3,166,32,18,67,7
bubur ketan hitam,nasi rames,sayur siram bumbu tumis,rambutan,jus wortel,395.1,3,77,265,14.1,10,29
soto daging,ikan panggang siram acar,kangkung bumbu kare,jus stroberi,wajik,351,3,152,28.7,29.3,1,140
urap megono,karedok,spageti udang,jus stroberi,sari apel,249.5,3,28,127,90.5,1,3
semur jengkol,ikan belanak goreng,tumis kapri manis,jus stroberi,sale pisang,343.5,3,60,220,1.5,1,61
soto bandung,ikan panggang siram acar,ikan bakar bumbu kecap,jus melon,kue bawang,343.2,3,132,28.7,99.5,16,67
nasi ciprat,ayam woku,gadon tahu jamur,buah naga,lemper,399.1,3,10.2,183,18.9,2,185
nasi pecel,nasi rames,tahu bumbu kukus,lemang manis isi pisang,kue bawang,363.5,3,8,265,19.9,3.6,67
sayur pakis,garang asem ayam,makaroni bumbu merah,jus jambu,jus alpukat,252,3,1,213,18,2,18
ikan bawal goreng,nasi hijau harum,terong goreng,apel,tape singkong,233,3,85,78,62,1,7
pepes tahu,tahu cabe garam,sayur bobor,sari buah tropika,ronde,381,3,269,40,60,6,6
soto kudus,sambal goreng kentang,tumis tahu kentang seledri,susu murni,es buah,353,3,171,114,6,40,22
telur ceplok,sambal goreng kentang,sandwich ikan tuna panggang,nanas,jus jeruk,363.2,3,94,114,153.2,1,1
lontong sayur,bakso aci,sayur nangka,asinan bengkuang nanas,sale pisang,348.6,3,64,214,4,5.6,61
telur rebus,sambal goreng kentang,tumis kapri manis,jus pepaya belimbing,kue pancong,313.6,3,139,114,1.5,7.1,52
tahu balado,nasi hijau harum,urab,susu,bluberi,398,3,266,78,12,41,1
semur jengkol,pecel lele,gulai daging sapi,apel,yogurt,354,3,60,48,225,1,20
bubur ketan hitam,garang asem ayam,nasi goreng kunyit,kelengkeng,nangka,328,3,77,213,35,0,3
pepes tongkol,babat sapi,sambal udang,kelengkeng,kue nastar,375,3,112,68,73,0,122
bubur kacang hijau,iga bakar,tumis tahu kentang seledri,salad buah,apel fuji,330,3,46,272,6,5,1
tempe panggang,pepes bandeng presto,hati ayam goreng,pisang,kue bawang,211.4,3,31,20.4,92,1,67
tumis genjer,ikan panggang siram acar,mie hokian,jus jambu,yogurt,346.5,3,218,28.7,77.8,2,20
soto banjar,pecel lele,rendang,apel,nangka,318,3,82,48,184,1,3
telur ceplok air acar kuning,tumis pepaya muda,tahu bumbu merah,pir,ronde,217.8,3,80.5,125,5.3,1,6
kacang panjang bumbu kuning,babat sapi,terong balado,sup buah tropika,mangga kweni,378.4,3,9.5,68,262,36.9,2
semur jengkol,karedok,gulai ikan,pisang,jus semangka,358,3,60,127,169,1,1
tempe panggang,bakso aci,nasi goreng kunyit,rujak jeruk bali,kue pukis,385.7,3,31,214,35,8.7,97
ikan mas goreng,ayam cincang buncis,tempe pesmol,jus pepaya kayu manis,yogurt,357.8,3,88,241,3.5,5.3,20
soto betawi,tumis buncis wortel bintik,tumis tahu kentang seledri,talam ubi,kue nastar,357.3,3,194,26,6,9.3,122
urap megono,sambal goreng kentang,orak arik bening soun,salad buah,buah delima,239.5,3,28,114,89.5,5,3
telur ceplok,terong bakar,mie rebus tauge,apel,pempek kapal selam,353.3,3,94,2,35.3,1,221
sayur bening bayam,karedok,ikan mujair pepes,rujak jeruk bali,sukun goreng,357.7,3,162,127,58,8.7,2
bubur kacang hijau,bening bayam tauge,mie hokian,jus mentimun jambu,onde-onde,218.6,3,46,12.3,77.8,2.5,80
perkedel kentang,pepes bandeng presto,pecel,rambutan,sosis solo,338.4,3,204,20.4,23,10,81
lontong sayur,ikan panggang siram acar,lumpia basah,pir,risol bihun,336.8,3,64,28.7,40.1,1,203
tumis genjer,babat sapi,tempe kukus cabe hijau,stroberi,jus semangka,295.5,3,218,68,7.5,1,1
tumis pare,bening bayam tauge,orak arik bening soun,sup buah serut,nangka,263.1,3,125,12.3,89.5,33.3,3
nasi ciprat,mie bakso,tumis tahu kentang seledri,puding coklat,bluberi,339.2,3,10.2,193,6,129,1
