Id_kombinasi,Makan_pagi,Makan_siang,Makan_malam,Snack_1,Snack_2,Total_natrium
1,Kering tempe,Tumis buncis wortel bintik,Tuna sambal woku,Susu,Buah delima ,681.0
2,Rawon,Mie ayam,Bubur manado,Sari buah tropika,Buah delima ,701.0
3,Coto makasar,Tumis buncis wortel bintik,Makaroni bumbu merah,Sup buah serut,Kue sus,687.3
4,Nasi pecel,Sate kambing,Sambal udang,Jus wortel tomat,Semangka,460.0
5,Teri basah goreng renyah,Bakmi,Urab,Apel,Kue nagasari,512.0
6,Tumis pakcoy,Udang goreng ,Gulai daging sapi,Jus mangga,Jus jeruk,1155.0
7,Nasi kuning,Kari daging sapi,Gulai ayam,Jeruk,Cenil,1659.0
8,Tumis labu siam,Ayam cincang buncis,Tempe pesmol,Mentimun serut,Sukun goreng,397.6
9,Nasi liwet,Bakmi,Sate bandeng,Cilok,Yogurt,1341.0
10,Ketoprak ,Ayam betutu,Pepes tongkol sambal dabu-dabu,Jus wortel tomat,Bluberi,688.8
11,Tumis buncis,Abon sapi,Gulai ayam,Jus mangga,Pie susu,1452.0
12,Telur ceplok,Tuna bumbu kari,Gadon tahu jamur,Kue bugis isi kacang hijau,Sup kacang,883.9
13,Udang panggang,Sup ayam,Sop kambing,Es teler,Kue cucur,1625.0
14,Pepes tongkol,Sate ayam,Sambal udang,Cimol,Risol bihun ,933.0
15,Ayam suwir kemangi,Tumis bayam,Bihun goreng,Jus pepaya kayu manis,Kue sus,1118.8
16,Gulai pakis,Ayam goreng ,Brengkes patin,Rambutan,Pempek kapal selam,976.0
17,Ayam suwir,Ayam saus mentega,Tumis ikan tongkol,Salak,Duku,644.0
18,Tumis labu siam,Telur puyuh bumbu kuning,Ikan bakar bumbu kecap,Salak,Kacang mete sangrai asin,627.6
19,Laksa palembang,Bakso ayam,Gadon tahu jamur,Jus belimbing berembun,Mangga kweni,706.5
20,Lontong sayur,Bakso ayam,Ikan baung bakar,Salad buah,Kue cucur,794.0
21,Tumis pakcoy,Onigiri,Tahu siksa,Jus Buah naga,Jus jeruk,378.8
22,Sayur pakis,Sayur bunga pepaya,Gulai ikan ,Talam ubi,Jus jeruk,270.3
23,Telur ceplok air acar kuning,Bakso aci,Lumpia basah,Kurma,Kacang mete sangrai asin,644.6
24,Udang panggang,Steak daging sapi,Gulai daging sapi,Jus belimbing berembun,Tahu walik,1261.6
25,Tumis pakcoy,Bebek bakar,Urab,Pisang ,Lemper,611.0
26,Gulai pakis,Terong bakar,Sop kambing,Es kelapa muda,Onde-onde,826.0
27,Dendeng sapi,Rendang,Tahu bumbu merah,Sari buah tropika,Kue pukis,735.3
28,Kwetiau udang sambal rujak,Cap cay sayur,Terong goreng,Mangga,Sale pisang,621.3
29,Sayur asem,Telur puyuh bumbu kuning,Daging sapi panggang,Es teler,Tahu isi,1023.1
30,Tumis genjer,Ayam penyet,Ikan panggang,Jus belimbing berembun,Pempek kapal selam,1086.6
31,Telur ceplok air acar kuning,Tahu bacem,Kari daging domba,Rujak buah,Kue pukis,525.5
32,Kwetiau goreng,Tumis bayam,Gulai kambing,Kelengkeng,Susu kedelai,1126.0
33,Sayur bening bayam,Sup telur,Bihun goreng,Kue bugis isi kacang hijau,Kue nastar,739.5
34,Teri basah goreng renyah,Tumis buncis wortel bintik,Sayur bobor,Es kuwut,Kue nagasari,330.0
35,Dendeng sapi,Beef teriyaki,Saboko gurita,Rambutan,Duku,1031.0
36,Ketoprak ,Mie bakso,Ikan gabus asap,Kue bugis isi kacang hijau,Martabak telur,1047.0
37,Tahu balado,Abon sapi,Udang goreng tepung,Mentimun serut,Risol bihun ,1772.1
38,Chicken nugget,Mie bakso,Tahu bumbu kukus,Sari seledri campur,Es doger,929.9
39,Gado-gado,Ikan salmon panggang,Ampela goreng ,Pisang bakar saus manis,Martabak manis,1109.5
40,Pepes ikan mas,Ikan tongkol balado,Kerang asap,Puding coklat,Semangka,833.0
41,Tumis kacang panjang tempe,Sambal goreng kentang,Ampela goreng ,Jus apel,Takoyaki,934.0
42,Soto daging ,Kari daging sapi,Kerang asap,Kurma,Kue kacang,1004.0
43,Belut goreng,Tekwan,Ikan cakalang asap,Jeruk,Kacang mete sangrai asin,955.0
44,Urap,Ayam goreng ,Tahu siksa,Kurma,Kue nagasari,743.8
45,Sayur bening bayam,Sup nasi ayam,Ampela goreng ,Pir,Es krim,777.0
46,Nasi goreng tuna,Sup ayam,Ikan bakar bumbu kecap,Manggis,Jus semangka,608.2
47,Rawon,Ayam lada hitam,Ikan baung bakar,Nanas,Semangka,561.0
48,Tempe goreng,Ikan panggang siram acar,Gulai kambing,Kue bugis,Tahu gejrot,696.7
49,Nasi goreng ,Telur puyuh bumbu kuning,Ikan cakalang asap,Jus mentimun jambu,Cempedak,672.6
50,Ayam suwir kemangi,Sayur bunga pepaya,Tumis kapri manis,Asinan bengkuang nanas,Bolu pisang,635.1
51,Laksa palembang,Ayam rendang,Udang goreng tepung,Rujak jeruk bali,Nangka,1012.7
52,Nasi goreng tuna,Ayam rendang,Orak arik bening soun,Putu mayang,Jus wortel ,493.2
53,Sayur pakis,Ayam goreng ,Ikan gabus asap,Buah naga,Duku,674.0
54,Tumis genjer,Bening bayam tauge,Rendang,Durian,Seblak,683.3
55,Chicken karage,Pepes bandeng presto,Urab,Talam nangka,Puding vanila,1071.6999999999998
56,Ayam rica-rica,Nasi rames,Ikan belida bakar,Jeruk,Buah delima ,801.0
57,Tumis pakcoy,Ayam masak merah,Pecel ,Durian,Jus semangka,528.0
58,Nasi goreng spesial,Garang asem ayam,Ayam kalasan,Jus wortel tomat,Jus jeruk,964.4
59,Paha ayam panggang,Spageti,Tahu siksa,Kue bugis,Kacang mete sangrai asin,1017.8
60,Tumis labu siam,Ayam penyet,Ikan bakar bumbu kecap,Sari seledri campur,Sukun goreng,553.5
61,Ayam suwir,Beef teriyaki,Terong goreng,Jus Buah naga,Tahu isi,778.0
62,Soto banjar,Abon sapi,Bandeng presto,Sup buah tropika,Kue pukis,1295.9
63,Tumis pare,Cumi hitam,Tumis tahu kentang seledri,Pir,Es buah,625.0
64,Urap megono,Sup ayam,Ayam geprek,Batagor,Pie susu,1269.0
65,Telur rebus,Sup nasi ayam,Ayam panggang bumbu bacem,Pir,Pempek ,562.7
66,Pepes ikan mas,Mie bakso,Saboko gurita,Jus apel,Nangka,590.0
67,Ikan tongkol goreng,Ayam betutu,Brengkes patin,Cilok,Roti isi coklat,884.0
68,Kwetiau udang sambal rujak,Babat sapi,Sop kambing,Sari seledri timun,Martabak manis,816.3
69,Chicken karage,Nasi hijau harum,Brengkes patin,Pepaya,Kue pukis,1121.0
70,Belut goreng,Ayam bakar,Tuna bumbu rica-rica,Jus apel,Bubur sumsum,1150.0
71,Nasi uduk,Mie bakso,Kalio ayam,Kue apem,Sup kacang,1388.0
72,Teri basah goreng renyah,Mie bakso,Sop kambing,Puding coklat,Tahu sumedang,942.0
73,Bubur ayam,Spageti,Ikan belida bakar,Kurma,Sari apel,774.0
74,Kering tempe,Ikan mujair goreng,Tempe mendoan,Susu,Jus jeruk,690.0
75,Ayam rica-rica,Babat sapi,Ikan belida bakar,Sup buah serut,Jus jeruk,633.3
76,Tempe bacem,Chicken katsu,Opor ayam,Jus stroberi,Bubur sumsum,1023.0
77,Nasi liwet,Kepiting panggang,Teri balado,Jus belimbing berembun,Cempedak,1198.6
78,Nasi ciprat,Ikan mujair goreng,Terong goreng,Talam nangka,Wajik ,410.5
79,Paha ayam panggang,Pempek adaan,Tahu telur,Jus melon,Sosis solo,1724.0
80,Telur ceplok air acar kuning,Bening bayam tauge,Ayam kalasan,Talam ubi,Sosis solo,211.5
81,Tempe panggang,Tumis buncis wortel bintik,Tuna bumbu rica-rica,Sari seledri timun,Onde-onde,560.0
82,Tumis genjer,Ayam rendang,Pepes teri,Getuk kacang hijau,Dimsum,1013.0
83,Bubur ketan hitam,Udang asam manis,Tahu bumbu merah,Batagor,Sosis solo,1590.3
84,Gulai tunjang,Onigiri,Tuna bumbu rica-rica,Asinan bengkuang nanas,Tahu walik,908.6
85,Ikan mas goreng,Nasi hijau harum,Tahu telur,Pir,Es buah,923.0
86,Nasi pecel,Sambal goreng kentang,Ikan panggang,Puding coklat,Pisang,608.0
87,Urap megono,Kepiting panggang,Kari daging domba,Jus mentimun jambu,Kacang mete sangrai asin,1087.5
88,Soto kudus,Rendang,Tahu telur,Pisang panggang saus kurma,Onde-onde,1179.5
89,Paha ayam panggang,Chicken katsu,Ampela goreng ,Jus wortel tomat,Martabak telur,1495.0
90,Coto makasar,Pepes bandeng presto,Mie hokian,Kue tapioka,Martabak telur,508.8
91,Pindang patin,Cumi goreng,Ayam kalasan,Jus jambu,Kue sus,794.4
92,Nasi uduk,Tuna bumbu kari,Perkedel tahu,Es kelapa muda,Kue kacang,1134.0
93,Bubur kacang hijau,Ayam masak merah,Tumis bandeng,Jambu biji ,Tahu isi,914.0
94,Telur balado,Garang asem ayam,Tumis kapri manis,Susu murni,Kue kacang,749.5
95,Dendeng sapi,Nasi hijau harum,Bubur manado,Sup buah tropika,Yogurt,819.9
96,Nasi kebuli,Rendang,Bubur manado,Mentimun serut,Semangka,599.1
97,Udang panggang,Iga bakar,Sayur rica rodoh,Mangga,Jus semangka,789.8
98,Ketoprak ,Bakso sapi,Rendang,Jus apel,Tahu gejrot,1035.0
99,Tempe goreng,Nasi hijau harum,Kalio kikil,Es kelapa muda,Yogurt,902.0
100,Tumis sawi putih,Ikan tuna sambal goreng,Ikan baung bakar,Sari seledri campur,Mangga kweni,760.0
101,Soto banjar,Pepes bandeng presto,Brengkes patin,Durian,Pisang,148.4
102,Kacang panjang bumbu kuning,Sate kambing,Tempe pesmol,Jus jambu,Bolu pisang,638.0
103,Semur jengkol,Karedok,Kalio telur,Sup buah tropika,Es krim,783.9
104,Ayam goreng,Cumi goreng,Terong goreng,Kue bugis isi kacang hijau,Jus jeruk,756.0
105,Nasi goreng udang,Pepes bandeng presto,Ayam taliwang,Jus mentimun jambu,Apel fuji,922.9
106,Semur tahu,Tekwan,Kalio kikil,Puding coklat,Kacang mete sangrai asin,1711.0
107,Ayam rica-rica,Ikan panggang siram acar,Ikan mujair pepes,Jus stroberi,Ronde,331.7
108,Telur ceplok air acar kuning,Garang asem ayam,Lumpia basah,Sari seledri timun,Martabak telur,491.6
109,Tempe goreng,Ayam betutu,Ikan mujair pepes,Jus nanas,Bluberi,589.0
110,Bubur ayam,Sate ayam,Sayur nangka,Jus belimbing berembun,Semangka,607.6
111,Soto ayam,Oseng tahu,Oseng tahu tomat,Apel,Tape singkong,505.9
112,Paha ayam panggang,Terong bakar,Mie hokian,Pisang bakar saus manis,Pastel ,657.3
113,Telur rebus,Bakmi,Tempe kukus cabe hijau,Talam ubi,Jus alpukat ,502.8
114,Telur ceplok air acar kuning,Udang asam manis,Lobstre panggang,Durian,serabi,2084.5
115,Bubur ayam,Oseng tahu,Tumis tahu kentang seledri,Stroberi,Kue sus,995.0
116,Tumis genjer,Ceker mercon,Bubur manado,Rujak pepaya alpukat,Dimsum,1210.8
117,Gado-gado,Sate padang,Ayam panggang bumbu bacem,Rujak jeruk bali,Jus semangka,509.4
118,Tuna bakar bumbu bali,Ikan belanak goreng,Sandwich ikan tuna panggang,Manggis,Takoyaki,666.4
119,Tumis buncis,Tekwan,Semur daging,Susu murni,Wajik ,999.0
120,Nasi bakar,Sambal teri,Sop kambing,Pir,Sari apel,707.0
121,Soto betawi ,Ayam panggang,Gadon tahu jamur,Jus Buah naga,Sukun goreng,626.9
122,Telur orak-arik,Abon sapi,Daging sapi panggang,Batagor,Duku,1391.0
123,Gulai pakis,Tumis pepaya muda,Ayam panggang bumbu bacem,Nanas,Kue beras,513.7
124,Ikan kembung balado,Cumi hitam,Orak arik bening soun,Putu mayang,serabi,993.5
125,Nasi goreng ,Onigiri,Sop kaki sapi,Sari buah tropika,Ronde,1002.0
126,Gado-gado,Garang asem ayam,Telur asin,Susu,Jus alpukat ,881.0
127,Kwetiau goreng,Bubur sapi,Saboko gurita,Jus mentimun jambu,Kue pancong,1074.5
128,Soto kudus,Oseng tahu,Paru sapi goreng,Jus pepaya kayu manis,Yogurt,957.3
129,Perkedel kentang,Bakmi,Pepes teri,Sup buah serut,Bubur sumsum,688.3
130,Gulai pakis,Pecel lele,Kari daging domba,Jus Buah naga,Es buah,639.0
131,Tumis sawi putih,Ikan belanak goreng,Spageti udang,Jus wortel tomat,Sukun goreng,542.5
132,Nasi kuning,Bening bayam tauge,Oseng tahu tomat,Pisang ,Mangga kweni,890.1999999999999
133,Tumis sawi putih,Tuna bumbu kari,Tumis tahu kentang seledri,Kue bugis,Bluberi,679.0
134,Telur rebus,Sate kambing,Telur asin,Jus Buah naga,Sup kacang,1351.0
135,Nasi goreng spesial,Mie ayam,Saboko gurita,Jus mentimun jambu,Kue sus,1523.5
136,Soto ayam,Ayam masak merah,Perkedel tahu,Salad buah,Kue beras,772.0
137,Ikan mas goreng,Ayam woku,Nasi goreng sayur,Sari buah tropika,Cenil,359.2
138,Sayur bening bayam,Garang asem ayam,Kerang asap,Cilok,Ronde,762.0
139,Kacang panjang bumbu kuning,Ayam betutu,Bandeng presto,Rujak pepaya alpukat,Pisang,545.3
140,Pepes tongkol,Dendeng sapi,Sandwich ikan tuna panggang,Jus wortel tomat,Pempek kapal selam,948.2
141,Paha ayam panggang,Sate taichan,Kerang asap,Mangga,Es krim,1098.0
142,Nasi goreng ,Ayam rendang,Ampela goreng ,Jus stroberi,Es buah,967.0
143,Tumis kol,Ikan patin goreng,Tahu bumbu merah,Es teler,Seblak,602.3
144,Bubur nasi,Sate usus,Brengkes patin,Putu mayang,Tahu isi,1003.0
145,Soto kudus,Sate usus,Tahu bumbu kukus,Pisang bakar saus manis,Cenil,737.4
146,Semur tahu,Tekwan,Tempe goreng tepung,Puding coklat,Es doger,1084.0
147,Soto kudus,Ayam teriyaki,Tempe mendoan,Jus pepaya kayu manis,Semangka,1463.3
148,Pepes ikan mas,Ayam saus mentega,Tempe pesmol,Klepon,Tahu sumedang,1029.5
149,Paha ayam panggang,Ayam masak merah,Tumis tahu kentang seledri,Es teler,Buah delima ,852.0
150,Gado-gado,Garang asem ayam,Semur telur,Kue bugis,Kue cucur,932.0
151,Tumis daun pepaya,Abon ayam,Ayam kecap ,Rujak jeruk bali,Kue nagasari,1389.7
152,Telur dadar,Ikan tuna panggang,Nasi goreng sayur,Sari buah tropika,Es buah,544.2
153,Soto bandung,Bebek bakar,Kalio telur,Rujak buah,Martabak telur,1069.0
154,Telur balado,Sate kambing,Tahu siksa,Batagor,Kacang mete sangrai asin,1185.8
155,Sayur umbut kelapa,Ceker mercon,Sambal udang,Rujak jeruk bali,Tahu sumedang,896.7
156,Kwetiau udang sambal rujak,Ikan tongkol balado,Sup kentang,Rujak pepaya alpukat,Pempek kapal selam,1096.1
157,Nasi goreng udang,Sate taichan,Kalio telur,Stroberi,Sup kacang,1881.0
158,Udang panggang,Ikan salmon panggang,Tempe pesmol,Pisang bakar saus manis,Bluberi,995.0
159,Ketoprak ,Bakso ikan,Ikan belida bakar,Asinan bengkuang nanas,Markisa,972.6
160,Kwetiau goreng,Tuna bumbu pepes,Teri kacang balado,Kue bolu,Sari apel,1417.0
161,Udang panggang,Tuna bumbu pepes,Ampela goreng ,Stroberi,Kacang mete sangrai asin,1356.0
162,Ikan bawal goreng,Bebek bakar,Saboko gurita,Pisang panggang saus kurma,Onde-onde,568.5
163,Tempe goreng,Pempek adaan,Bubur manado,Nanas,Cireng isi ayam,1269.0
164,Belut goreng,Bakso ikan,Ikan belida bakar,Es kuwut,Kue pancong,957.0
165,Ayam suwir kemangi,Pempek adaan,Gulai ikan ,Durian,Tape singkong,939.0
166,Kacang panjang bumbu kuning,Steak daging sapi,Ikan cakalang asap,Jus pepaya belimbing,Semangka,566.6
167,Soto kudus,Ayam saus mentega,Lodeh terong,Jus pepaya kayu manis,Puding vanila,1068.3
168,Chicken nugget,Ikan tongkol balado,Tahu telur,Cilok,Dimsum,2316.0
169,Telur balado,Ikan panggang siram acar,Pecel ,Rujak buah,Lemper,661.7
170,Tumis kacang panjang tempe,Onigiri,Nasi goreng sayur,Jus mentimun jambu,Sale pisang,550.7
171,Bubur ayam,Garang asem ayam,Pepes teri,Jus nanas,Kue nastar,648.0
172,Kacang panjang bumbu kuning,Abon ayam,Gulai ayam,Talam nangka,Dimsum,1065.8
173,Nasi bakar,Bebek bakar,Pepes teri,Apel,Cenil,460.0
174,Chicken nugget,Ikan mujair goreng,Hati ayam goreng,Kue apem,Kacang mete sangrai asin,1268.0
175,Gulai tunjang,Mie ayam,Oseng tahu tomat,Kue bolu,Sukun goreng,729.9
176,Kacang panjang bumbu kuning,Cumi goreng,Terong balado,Klepon,Bluberi,686.5
177,Pepes ayam,Telur puyuh bumbu kuning,Tumis bandeng,Talam ubi,Pempek kapal selam,766.4
178,Semur ayam,Cumi hitam,Tahu bumbu kukus,Jus belimbing berembun,Kue sus,1369.5
179,Ketoprak ,Sup ayam,Ikan belida bakar,Manggis,Puding vanila,1285.0
180,Sayur bening bayam,Ayam teriyaki,Tempe pesmol,Talam nangka,Kue sus,1561.8
181,Tumis sawi putih,Bubur sapi,Kalio ayam,Pisang bakar saus manis,Bakwan,1240.5
182,Nasi goreng ,Tahu cabe garam,Tahu siksa,Rujak buah,Kue sus,873.8
183,Teri basah goreng renyah,Babat sapi,Sop kaki sapi,Kurma,Pie susu,715.0
184,Nasi goreng ayam,Bakso sapi,Mie rebus tauge,Jus nanas,Jus alpukat ,647.3
185,Tumis kol,Chicken katsu,Salmon asap,Jus stroberi,Es buah,1601.0
186,Tumis pakcoy,Bakso aci,Sop buntut,Talam ubi,Sawo,933.3
187,Urap,Pepes bandeng presto,Sate bandeng,Salak,Sukun goreng,818.4
188,Gulai tunjang,Ayam woku,Ayam panggang bumbu bacem,Klepon,Sukun goreng,505.7
189,Usus ayam goreng,Sambal teri,Ayam panggang bumbu bacem,Es kelapa muda,Tape singkong,602.7
190,Urap,Gudeg,Teri kacang balado,Jus mangga,Kue nagasari,936.0
191,Tempe goreng,Bakmi,Urab,Apel,Duku,620.0
192,Soto ayam,Ayam teriyaki,Salmon asap,Jus nanas,Pempek ,1983.0
193,Tahu balado,Chicken katsu,Kerang asap,Jus apel,Es doger,1233.0
194,Nasi kuning,Ikan salmon panggang,Tempe pesmol,Lemang manis isi pisang,Jus semangka,1344.1
195,Ketoprak ,Ayam woku,Kangkung bumbu kare,Salak,Pempek kapal selam,826.3
196,Chicken nugget,Garang asem ayam,Daun singkong bumbu iris,Durian,Bolu pisang,1056.0
197,Tumis labu siam,Abon sapi,Ayam geprek,Pisang ,Bolu kukus,1639.0
198,Soto kudus,Mie ayam,Gulai ayam,Jus wortel tomat,Dimsum,1111.0
199,Tumis labu siam,Pepes bandeng presto,Sayur bobor,Nanas,Cireng isi ayam,488.4
200,Nasi pecel,Sup nasi ayam,Semur daging,Sup buah serut,Es krim,770.3
201,Chicken nugget,Ikan lele panggang,Semur daging,Jus nanas,Jus semangka,1332.0
202,Tumis pakcoy,Ayam cincang buncis,Kerang asap,Es teler,Cireng isi ayam,1038.0
203,Soto daging ,Tahu bacem,Bubur manado,Buah naga,Roti isi coklat,590.0
204,Nasi bakar,Abon ayam,Tumis tahu kentang seledri,Jus melon,Kue kacang,740.0
205,Laksa palembang,Pepes bandeng presto,Kalio kikil,Sup buah serut,Martabak telur,947.6999999999999
206,Tumis daun pepaya,Spageti,Telur asin,Talam ubi,Tahu walik,1085.3
207,Soto banjar,Ikan kuah kuning,Ikan bandeng goreng,Rambutan,Kue pancong,521.0
208,Sayur pakis,Iga bakar,Tumis kapri manis,Jus mangga,Mangga kweni,278.5
209,Tumis kangkung,Spageti,Sandwich ikan tuna panggang,Kue apem,Apel fuji,870.2
210,Gulai pakis,Ceker mercon,Tempe mendoan,Batagor,Sari apel,1042.0
211,Bubur nasi,Tumis bayam,Sayur siram bumbu tumis,Susu,Bolu pisang,853.1
212,Sayur umbut kelapa,Ayam bakar,Rendang,Batagor,Tahu sumedang,1258.0
213,Ikan bawal goreng,Pepes bandeng presto,Gulai ikan ,Jus pepaya kayu manis,Martabak telur,414.7
214,Pepes tongkol,Ceker mercon,Kalio telur,Jus apel,Onde-onde,1037.0
215,Urap megono,Garang asem ayam,Mie rebus tauge,Kelengkeng,Kue bawang,343.3
216,Kacang panjang bumbu kuning,Bakso aci,Ikan bakar bumbu kecap,Kue bugis,Tahu sumedang,580.0
217,Nasi uduk,Karedok,Mie rebus tauge,Jus Buah naga,Es krim,387.3
218,Ikan bawal goreng,Beef teriyaki,Perkedel tahu,Cilok,Pempek ,1129.0
219,Nasi goreng tuna,Mie ayam,Ikan cakalang asap,Salad buah,Jus wortel ,530.7
220,Tempe masak wijen,Udang asam manis,Bubur manado,Batagor,Bakpia,1791.2
221,Ayam suwir kemangi,Bening bayam tauge,Oseng buncis tempe,Sari seledri timun,Tahu walik,1229.3
222,Nasi bakar,Tumis buncis wortel bintik,Gadon tahu jamur,Jus melon,Kue kacang,368.9
223,Tempe bacem,Ikan lele panggang,Ayam kecap ,Salak,Pempek kapal selam,1304.0
224,Tahu balado,Tempe orek,Paru sapi goreng,Jus apel,Es buah,856.0
225,Nasi ciprat,Kari daging sapi,Rendang,Jus pepaya belimbing,Es buah,774.3000000000001
226,Gulai pakis,Sate kambing,Kalio ayam,Jus nanas,Tahu isi,1517.0
227,Nasi goreng spesial,Tempe orek,Sayur bobor,Es kelapa muda,Bubur sumsum,1035.0
228,Tumis labu siam,Ikan patin bakar,Teri kacang balado,Anggur ,Duku,926.0
229,Nasi kuning,Tumis bayam,Tumis bandeng,Jus jambu,Jus alpukat ,1611.0
230,Sayur asem,Tekwan,Tempe goreng tepung,Mentimun serut,Tahu sumedang,772.1
231,Urap,Ikan salmon panggang,Lobstre panggang,Jus Buah naga,Tahu walik,1503.0
232,Nasi liwet,Telur puyuh bumbu kuning,Ikan baung bakar,Putu mayang,Bolu pisang,792.1
233,Tumis labu siam,Kari daging sapi,Ikan mujair pepes,Jus mentimun jambu,Tahu gejrot,923.5
234,Telur dadar,Kari daging sapi,Tahu bumbu kukus,Jus mangga,Wajik ,810.9
235,Nasi goreng spesial,Tumis pepaya muda,Lumpia basah,Stroberi,Es krim,889.1
236,Ketoprak ,Mie bakso,Salmon asap,Sari buah tropika,Kue cucur,1489.0
237,Nasi uduk,Rendang,Sop kaki sapi,Puding coklat,Puding vanila,1081.0
238,Lontong sayur,Nasi hijau harum,Nasi goreng kunyit,Lemang manis isi pisang,Kue nagasari,310.6
239,Bubur ayam,Ceker mercon,Gulai ayam,Sari seledri campur,Sukun goreng,774.0
240,Nasi uduk,Ayam teriyaki,Tuna bumbu rica-rica,Talam nangka,Bolu kukus,1878.3
241,Kwetiau udang sambal rujak,Sup nasi ayam,Lodeh terong,Pisang panggang saus kurma,Tahu gejrot,804.8
242,Nasi goreng tuna,Tuna bumbu pepes,Tumis ikan tongkol,Apel,Kue pancong,393.7
243,Nasi kuning,Chicken katsu,Pecel ,Sari seledri timun,Jus jeruk,1596.0
244,Soto ayam,Tumis buncis wortel bintik,Ikan belida bakar,Getuk kacang hijau,Sosis solo,506.0
245,Nasi goreng ,Cumi goreng,Sayur siram bumbu tumis,Sup buah tropika,Mangga kweni,803.0
246,Tumis genjer,Sate taichan,Brengkes patin,Buah naga,Bolu pisang,1037.0
247,Tumis kangkung,Ikan patin goreng,Sayur rica rodoh,Jus belimbing berembun,Dimsum,886.4000000000001
248,Nasi goreng ayam,Ayam penyet,Udang goreng tepung,Jus mentimun jambu,Martabak manis,1329.5
249,Pepes ayam,Bakso sapi,Oseng buncis tempe,Pisang ,serabi,1309.0
250,Semur tahu,Tumis buncis wortel bintik,Tumis bandeng,Kue bugis,Jus wortel ,999.0
251,Telur ceplok air acar kuning,Pepes bandeng presto,Saboko gurita,Talam nangka,Es krim,325.2
252,Sayur bening bayam,Cap cay sayur,Ikan bakar bumbu kecap,Cimol,Kacang mete sangrai asin,1164.5
253,Gado-gado,Bakmi,Tuna bumbu rica-rica,Melon,Cenil,901.0
254,Nasi goreng spesial,Karedok,Pempek kulit,Jus nanas,Kue nagasari,1519.0
255,Bubur ketan hitam,Sate ayam,Paru sapi goreng,Cimol,Martabak telur,1113.0
256,Tumis kangkung,Chicken katsu,Daun singkong bumbu iris,Lemang manis isi pisang,Kue sus,1409.6
257,Udang panggang,Ikan belanak goreng,Lobstre panggang,Kue bugis,Tahu walik,1571.0
258,Chicken nugget,Cumi hitam,Sayur nangka,Pisang panggang saus kurma,Bolu kukus,1282.5
259,Ayam suwir kemangi,Rendang,Tumis ikan tongkol,Talam nangka,Pie susu,651.3
260,Soto daging ,Tumis bayam,Kalio kikil,Manggis,Onde-onde,1166.0
261,Lontong sayur,Mie bakso,Opor ayam,Jus pepaya kayu manis,Sukun goreng,483.3
262,Kwetiau udang sambal rujak,Ikan patin goreng,Pempek kulit,Jus stroberi,Semangka,711.3
263,Telur orak-arik,Sambal teri,Tempe pesmol,Dadar gulung,Jus semangka,432.5
264,Perkedel kentang,Ikan mujair goreng,Ampela goreng ,Es kelapa muda,Kue nagasari,791.0
265,Tuna bakar bumbu bali,Ayam masak merah,Tumis tahu kentang seledri,Rujak jeruk bali,Kue pukis,412.9
266,Bubur nasi,Bebek bakar,Kangkung bumbu kare,Jus nanas,Kacang mete sangrai asin,658.3
267,Ikan tongkol goreng,Mie ayam,Lumpia basah,Pisang ,Risol bihun ,767.1
268,Tumis sawi putih,Ayam betutu,Nasi goreng kunyit,Batagor,Kue cucur,764.0
269,Chicken karage,Ayam woku,Kalio telur,Sari buah tropika,Tahu walik,1777.0
270,Tumis sawi putih,Mie ayam,Tahu siksa,Jus stroberi,Yogurt,521.8
271,Ikan kembung balado,Ayam saus mentega,Daun singkong bumbu iris,Jus pepaya kayu manis,Martabak manis,1095.3
272,Sayur umbut kelapa,Babat sapi,Ikan baung bakar,Pisang panggang saus kurma,Bolu pisang,827.5
273,Nasi uduk,Sate kambing,Tahu telur,Jus apel,Bluberi,1295.0
274,Tumis genjer,Kepiting panggang,Sayur rica rodoh,Jus apel,Kue kacang,901.8
275,Gado-gado,Ikan tuna sambal goreng,Daun singkong bumbu iris,Jus pepaya kayu manis,Tahu sumedang,690.3
276,Ketoprak ,Spageti,Kalio telur,Kurma,Kue kacang,1304.0
277,Pecel sayur,Tuna bumbu kari,Tahu bumbu merah,Jus jambu,Tahu isi,1023.3
278,Perkedel kentang,Garang asem ayam,Terong goreng,Jus wortel tomat,Sari apel,501.0
279,Sayur umbut kelapa,Bakso ikan,Ayam kalasan,Talam nangka,Wajik ,744.6999999999999
280,Ikan kembung balado,Bening bayam tauge,Teri kacang balado,Anggur ,Tahu gejrot,864.3
281,Ketoprak ,Ikan panggang siram acar,Paru sapi goreng,Talam nangka,Kue cucur,895.0
282,Tumis labu siam,Ikan tuna sambal goreng,Lumpia basah,Manggis,Bakpia,670.1
283,Pepes tongkol,Asem-asem kangkung,Bihun goreng,Pir,Semangka,238.5
284,Telur ceplok air acar kuning,Asem-asem kangkung,Spageti udang,Nanas,Bubur sumsum,259.0
285,Pecel sayur,Ayam bakar,Kalio telur,Kue tapioka,Kue kacang,1438.6
286,Nasi bakar,Karedok,Ayam panggang bumbu bacem,Dadar gulung,Kacang mete sangrai asin,697.7
287,Tumis kacang panjang tempe,Tumis buncis wortel bintik,Oseng tahu tomat,Pepaya,Sari apel,332.9
288,Gado-gado,Ikan panggang siram acar,Semur daging,Pepaya,Bluberi,528.7
289,Pepes ikan mas,Sate padang,Mie hokian,Pisang panggang saus kurma,Pempek kapal selam,847.3
290,Nasi ciprat,Sup telur,Ampela goreng ,Sup buah tropika,Pastel ,817.1
291,Laksa palembang,Terong bakar,Urab,Lemang manis isi pisang,serabi,354.6
292,Dendeng sapi,Tuna bumbu kari,Sate bandeng,Rujak buah,Markisa,1483.0
293,Ketoprak ,Kari daging sapi,Pecel ,Salad buah,Apel fuji,971.0
294,Lontong sayur,Udang goreng ,Ikan gabus asap,Anggur ,Kue cucur,1208.0
295,Paha ayam panggang,Ayam woku,Bihun goreng,Putu mayang,Buah delima ,743.5
296,Telur rebus,Abon ayam,Ikan belida bakar,Jus melon,Cempedak,864.0
297,Ikan bawal goreng,Garang asem ayam,Pepes tongkol sambal dabu-dabu,Puding coklat,Mangga kweni,455.8
298,Bubur nasi,Karedok,Tahu bumbu kukus,Jus stroberi,Sup kacang,636.9
299,Pepes tongkol,Kari ayam ,Tahu telur,Jus nanas,Nangka,1475.0
300,Rawon,Ikan tuna panggang,Pepes teri,Sari seledri campur,Nangka,626.0
301,Kering tempe,Abon ayam,Kalio ayam,Kue tapioka,Kue nagasari,1299.6
302,Perkedel kentang,Kerang panggang,Oseng tahu tomat,Cimol,Tahu walik,1074.9
303,Chicken nugget,Garang asem ayam,Opor ayam,Cimol,Sawo,1208.0
304,Chicken karage,Tumis buncis wortel bintik,Gulai kambing,Apel,Bakwan,1254.0
305,Tumis kangkung,Tumis buncis wortel bintik,Pepes teri,Kue apem,Bakwan,741.0
306,Paha ayam panggang,Sup ayam,Tahu bumbu merah,Melon,Sari apel,889.3
307,Tumis pare,Sate usus,Bubur manado,Kue bolu,Kue beras,1109.0
308,Tumis kacang panjang tempe,Sambal goreng kentang,Gulai kambing,Kue bugis,Pempek kapal selam,854.0
309,Ayam suwir kemangi,Cumi hitam,Sayur rica rodoh,Jeruk,Duku,750.8
310,Telur ceplok,Mie ayam,Salmon asap,Rujak pepaya alpukat,Tahu gejrot,1337.8
311,Bubur ayam,Sup telur,Lumpia basah,Pisang ,Apel fuji,641.1
312,Ikan tongkol goreng,Ayam goreng ,Tahu telur,Buah naga,Puding vanila,1465.0
313,Pepes ikan mas,Pempek adaan,Perkedel tahu,Getuk kacang hijau,Bakpia,1204.0
314,Tumis sawi putih,Cumi goreng,Ampela goreng ,Jus mangga,Sari apel,806.0
315,Telur balado,Bebek bakar,Kangkung bumbu kare,Jus nanas,Es krim,600.3
316,Nasi kuning,Ceker mercon,Sop buntut,Jus mentimun jambu,Cenil,1681.5
317,Sayur asem,Nasi rames,Tahu telur,Durian,Mangga kweni,1311.0
318,Pecel sayur,Ayam woku,Telur asin,Rujak buah,Tahu walik,1229.0
319,Tahu balado,Ayam penyet,Pecel ,Es kelapa muda,Sosis solo,666.0
320,Bubur kacang hijau,Bakso aci,Mie hokian,Sari buah tropika,serabi,440.8
321,Tumis kangkung,Sate kambing,Semur daging,Salak,Sale pisang,1176.0
322,Semur tahu,Terong bakar,Gulai ayam,Sari seledri timun,Seblak,1068.0
323,Gulai pakis,Bihun goreng,Ayam panggang bumbu bacem,Putu mayang,Lemper,944.7
324,Kering tempe,Nasi rames,Oseng buncis tempe,Es kuwut,Lemper,1517.0
325,Bubur ketan hitam,Abon sapi,Daging sapi panggang,Pisang bakar saus manis,Mangga kweni,1117.5
326,Gado-gado,Ikan mujair goreng,Sup kentang,Nanas,Pempek kapal selam,960.0
327,Ikan bawal goreng,Mie ayam,Mie hokian,Manggis,Yogurt,468.8
328,Urap,Tuna bumbu pepes,Sambal udang,Melon,Sari apel,623.0
329,Ayam suwir,Udang goreng ,Pepes teri,Mentimun serut,Jus semangka,843.1
330,Bubur nasi,Nasi rames,Kangkung bumbu kare,Cilok,Pie susu,811.3
331,Tumis kacang panjang tempe,Ayam panggang,Tempe goreng tepung,Kue bugis isi kacang hijau,Kue pukis,881.0
332,Tempe goreng,Udang goreng ,Ayam panggang bumbu bacem,Jus wortel tomat,Es krim,1049.7
333,Tumis kacang panjang tempe,Ikan panggang siram acar,Bubur manado,Mentimun serut,Cempedak,577.8000000000001
334,Nasi kebuli,Ayam panggang,Oseng tahu tomat,Batagor,Martabak telur,863.9
335,Udang panggang,Abon ayam,Tuna sambal woku,Sup buah tropika,Pempek kapal selam,1569.9
336,Tumis kangkung,Telur puyuh bumbu kuning,Gulai ikan ,Klepon,Sale pisang,766.1
337,Soto betawi ,Babat sapi,Opor ayam,Jus mentimun jambu,Jus wortel ,512.5
338,Kering tempe,Tuna bumbu kari,Nasi goreng kunyit,Salad buah,Kacang mete sangrai asin,969.0
339,Udang panggang,Sayur bunga pepaya,Sup kentang,Jus belimbing berembun,Seblak,1290.6
340,Soto bandung,Cumi goreng,Tempe pesmol,Es teler,Tahu gejrot,792.5
341,Rawon,Nasi hijau harum,Kalio ayam,Cimol,Cenil,1003.0
342,Ikan bawal goreng,Abon ayam,Sayur rica rodoh,Mangga,Pempek ,556.8
343,Bubur ketan hitam,Ayam masak merah,Salmon asap,Apel,Kue beras,1153.0
344,Urap megono,Ayam bakar,Ikan baung bakar,Batagor,Cempedak,763.0
345,Bubur ayam,Tuna bumbu pepes,Mie rebus tauge,Jus mentimun jambu,Es krim,581.8
346,Tempe masak wijen,Ayam saus mentega,Brengkes patin,Jus mangga,Lemper,794.2
347,Coto makasar,Bakso ikan,Sayur siram bumbu tumis,Jus pepaya kayu manis,Kue beras,554.4
348,Kacang panjang bumbu kuning,Ayam cincang buncis,Sayur rica rodoh,Sari seledri campur,Bluberi,273.3
349,Tumis pare,Ayam woku,Sop kambing,Jus belimbing berembun,Kue kacang,834.6
350,Tumis buncis,Tuna bumbu kari,Tumis bandeng,Rujak buah,Pempek ,1103.0
351,Nasi goreng spesial,Bebek bakar,Sayur rica rodoh,Getuk kacang hijau,Jus jeruk,918.8
352,Pepes tongkol,Bakso ayam,Salmon asap,Sup buah tropika,Ronde,1380.9
353,Soto kudus,Rendang,Kangkung bumbu kare,Cilok,Kue cucur,720.3
354,Gulai pakis,Sate padang,Ikan gurame asam manis,Buah naga,Tahu isi,1480.0
355,Soto kudus,Mie bakso,Kari daging domba,Jambu biji ,Sale pisang,637.0
356,Ayam suwir,Tumis buncis wortel bintik,Tahu bumbu merah,Pir,Markisa,122.3
357,Telur balado,Tumis buncis wortel bintik,Ikan belida bakar,Kurma,Onde-onde,757.0
358,Tempe goreng,Ayam goreng ,Hati ayam goreng,Sari seledri campur,Martabak telur,873.0
359,Soto kudus,Tekwan,Kalio ayam,Jus stroberi,Dimsum,1327.0
360,Sayur bening bayam,Ayam masak merah,Sayur bobor,Jus pepaya belimbing,Bakpia,629.1
361,Nasi goreng spesial,Ayam betutu,Sandwich ikan tuna panggang,Jus nanas,Martabak manis,1359.2
362,Kering tempe,Iga bakar,Kerang asap,Kue apem,Tahu isi,1023.0
363,Nasi ciprat,Nasi hijau harum,Ikan panggang,Dadar gulung,Sari apel,514.2
364,Ikan kembung balado,Tuna bumbu kari,Sop kambing,Sup buah tropika,Lemper,1282.9
365,Kering tempe,Dendeng sapi,Tumis bandeng,Pisang bakar saus manis,Lemper,1174.5
366,Tumis daun pepaya,Tempe orek,Ayam panggang bumbu bacem,Asinan bengkuang nanas,Tahu sumedang,650.3
367,Ayam goreng,Nasi rames,Orak arik bening soun,Jus apel,Takoyaki,974.5
368,Tumis labu siam,Sate ayam,Sayur bobor,Susu,Pastel ,761.0
369,Sayur bening bayam,Abon sapi,Pecel ,Jus belimbing berembun,Cenil,1028.6
370,Ketoprak ,Ikan tuna sambal goreng,Tempe goreng tepung,Jeruk,Tahu isi,1099.0
371,Nasi goreng spesial,Garang asem ayam,Daging sapi panggang,Talam nangka,Sukun goreng,1139.3
372,Bubur nasi,Sup nasi ayam,Pempek kulit,Cimol,Susu kedelai,1267.0
373,Tumis kol,Udang goreng ,Ikan mujair pepes,Sup buah serut,Mangga kweni,914.3
374,Semur ayam,Terong bakar,Kangkung bumbu kare,Kue tapioka,Kacang mete sangrai asin,879.9
375,Tumis pakcoy,Pempek adaan,Tumis kapri manis,Kue bolu,Apel fuji,937.5
376,Pepes ayam,Telur puyuh bumbu kuning,Ayam taliwang,Pisang ,Tahu gejrot,822.1
377,Telur rebus,Pempek adaan,Sate bandeng,Rujak pepaya alpukat,Kue nastar,1304.8
378,Bubur ketan hitam,Ayam panggang,Ikan bakar bumbu kecap,Salak,Sawo,595.5
379,Pepes tongkol,Bubur sapi,Tempe goreng tepung,Kelengkeng,Kue pukis,605.0
380,Pepes tongkol,Ikan tuna panggang,Nasi goreng kunyit,Es kuwut,Mangga kweni,589.0
381,Tumis genjer,Tempe orek,Lodeh terong,Jus jambu,Cireng isi ayam,888.0
382,Rawon,Kari ayam ,Daging sapi panggang,Kue bugis isi kacang hijau,Bakwan,1184.0
383,Nasi goreng udang,Nasi rames,Telur asin,Sari buah tropika,Tahu gejrot,1388.0
384,Tempe goreng,Ayam masak merah,Daging sapi panggang,Apel,Yogurt,797.0
385,Ayam rica-rica,Ayam cincang buncis,Kalio telur,Manggis,Kue cucur,1141.0
386,Tumis kacang panjang tempe,Bening bayam tauge,Pempek kulit,Kue tapioka,Martabak telur,1003.9
387,Tumis pakcoy,Ayam penyet,Jengkol balado,Pisang panggang saus kurma,Nangka,746.5
388,Chicken karage,Sup nasi ayam,Oseng tahu tomat,Jus mentimun jambu,Sale pisang,1308.4
389,Pecel sayur,Spageti,Ayam taliwang,Mangga,Kue pukis,1109.0
390,Nasi kebuli,Oseng tahu,Sop kambing,Sup buah serut,Mangga kweni,990.3
391,Semur ayam,Mie bakso,Makaroni bumbu merah,Kelengkeng,Semangka,748.0
392,Urap megono,Tumis bayam,Teri kacang balado,Batagor,Cempedak,1000.0
393,Soto banjar,Tuna bumbu pepes,Ikan cakalang asap,Talam nangka,Pisang,543.3
394,Bubur kacang hijau,Tumis buncis wortel bintik,Ikan panggang,Sup buah serut,Tahu isi,731.3
395,Ikan mas goreng,Cap cay sayur,Pepes teri,Manggis,Markisa,595.0
396,Tempe masak wijen,Ikan kuah kuning,Tahu siksa,Susu murni,Susu kedelai,272.0
397,Ikan mas goreng,Ayam woku,Ayam taliwang,Jus mangga,Markisa,733.0
398,Urap,Telur puyuh bumbu kuning,Sambal udang,Jus apel,Cenil,430.1
399,Pecel sayur,Steak daging sapi,Ayam geprek,Pir,Jus wortel ,1209.0
400,Nasi uduk,Garang asem ayam,Tumis bandeng,Jus melon,Susu kedelai,796.0
401,Semur tahu,Ikan tuna panggang,Gulai kambing,Klepon,Jus alpukat ,1195.0
402,Tempe masak wijen,Kari ayam ,Mie hokian,Nanas,Tahu walik,855.0
403,Laksa palembang,Cumi hitam,Bihun goreng,Mangga,Sup kacang,1168.5
404,Laksa palembang,Sate ayam,Ikan mujair pepes,Buah naga,Cempedak,661.0
405,Semur tahu,Mie bakso,Ikan mujair pepes,Jeruk,Martabak manis,1072.0
406,Nasi liwet,Bakso ayam,Kalio telur,Talam nangka,Lemper,1399.3
407,Ikan mas goreng,Asem-asem kangkung,Sup bola ayam,Melon,Bubur sumsum,729.0
408,Kering tempe,Gudeg,Lobstre panggang,Asinan bengkuang nanas,Wajik ,1143.6
409,Nasi pecel,Karedok,Kerang asap,Melon,Es buah,333.0
410,Ikan kembung balado,Bihun goreng,Teri balado,Pepaya,Tahu walik,1172.0
411,Pindang patin,Ikan mujair goreng,Sop kambing,Jus Buah naga,Kue kacang,814.0
412,Perkedel kentang,Abon ayam,Makaroni bumbu merah,Durian,Martabak manis,884.0
413,Chicken karage,Ayam saus mentega,Ikan gurame asam manis,Talam ubi,Seblak,2245.3
414,Soto banjar,Bebek bakar,Pecel ,Rujak buah,Dimsum,802.0
415,Tumis labu siam,Ayam rendang,Sop kaki sapi,Getuk kacang hijau,Cempedak,879.0
416,Sayur umbut kelapa,Chicken katsu,Oseng tahu tomat,Kue bolu,Tape singkong,1237.9
417,Semur ayam,Tuna bumbu pepes,Ayam panggang bumbu bacem,Jus belimbing berembun,Puding vanila,981.3000000000001
418,Tumis pakcoy,Ayam woku,Lumpia basah,Pir,Apel fuji,445.1
419,Tempe panggang,Ikan kuah kuning,Ayam geprek,Getuk kacang hijau,Nangka,675.0
420,Teri basah goreng renyah,Tumis bayam,Opor ayam,Kue apem,Dimsum,1202.0
421,Nasi liwet,Ayam goreng ,Kalio ayam,Melon,Jus semangka,1129.0
422,Dendeng sapi,Tempe orek,Teri balado,Es kelapa muda,Tape singkong,1089.0
423,Udang panggang,Bakmi,Saboko gurita,Pir,Sawo,1054.0
424,Ayam rica-rica,Mie ayam,Oseng buncis tempe,Sup buah tropika,Kue bawang,1392.9
425,Telur orak-arik,Kerang panggang,Gadon tahu jamur,Melon,Sawo,784.9
426,Telur ceplok,Bakso ayam,Kalio kikil,Nanas,Roti isi coklat,1181.0
427,Nasi pecel,Ikan lele panggang,Tumis ikan tongkol,Es kuwut,Pempek kapal selam,707.0
428,Ayam goreng,Udang asam manis,Lobstre panggang,Es teler,Seblak,2677.0
429,Teri basah goreng renyah,Kepiting panggang,Terong goreng,Talam nangka,Bubur sumsum,700.3
430,Nasi kuning,Ikan panggang siram acar,Saboko gurita,Susu,Risol bihun ,1341.7
431,Tempe masak wijen,Bening bayam tauge,Sayur bobor,Sari seledri campur,Jus jeruk,96.5
432,Urap,Sambal teri,Nasi goreng kunyit,Buah naga,Es krim,458.0
433,Soto daging ,Sup ayam,Spageti udang,Susu murni,Onde-onde,821.5
434,Kering tempe,Sate kambing,Semur daging,Rujak jeruk bali,Jus semangka,959.7
435,Laksa palembang,Bakso ikan,Nasi goreng sayur,Kue bugis,Kue kacang,747.2
436,Tumis kacang panjang tempe,Sate usus,Udang goreng tepung,Puding coklat,Bubur sumsum,1471.0
437,Kwetiau udang sambal rujak,Kari daging sapi,Lodeh terong,Mangga,Bakpia,959.3
438,Soto ayam,Telur puyuh bumbu kuning,Tumis ikan tongkol,Jus nanas,Martabak manis,431.1
439,Ikan kembung balado,Bakso sapi,Oseng tahu tomat,Rujak jeruk bali,Duku,582.6
440,Pepes tongkol,Pepes bandeng presto,Semur daging,Kelengkeng,Tahu walik,650.4
441,Kacang panjang bumbu kuning,Mie ayam,Ikan belida bakar,Jambu biji ,Sosis solo,664.5
442,Semur jengkol,Cap cay sayur,Opor ayam,Putu mayang,Tahu isi,1013.0
443,Perkedel kentang,Ceker mercon,Sop kaki sapi,Jus wortel tomat,Kue pancong,1012.0
444,Laksa palembang,Sate padang,Gulai kambing,Kurma,Jus jeruk,753.0
445,Chicken karage,Tahu bacem,Salmon asap,Sup buah tropika,Seblak,2056.9
446,Nasi goreng ayam,Ikan tuna panggang,Perkedel tahu,Kelengkeng,Kue nastar,1179.0
447,Tuna bakar bumbu bali,Kari daging sapi,Tahu siksa,Rujak buah,Kue nastar,772.0
448,Soto ayam,Oseng tahu,Kalio ayam,Mangga,Kue nastar,1150.0
449,Nasi ciprat,Sambal goreng kentang,Pempek kulit,Melon,Bakwan,861.2
450,Sayur asem,Karedok,Ayam geprek,Pisang panggang saus kurma,Markisa,933.5
451,Tumis buncis,Ikan panggang siram acar,Spageti udang,Mentimun serut,Jus jeruk,389.3
452,Nasi pecel,Sate ayam,Oseng buncis tempe,Puding coklat,Martabak telur,1399.0
453,Sayur pakis,Ikan kuah kuning,Ikan gurame asam manis,Pir,Duku,674.0
454,Tempe goreng,Ayam goreng ,Sate bandeng,Pisang bakar saus manis,Tahu gejrot,1348.5
455,Tumis genjer,Ikan lele panggang,Sate bandeng,Jambu biji ,Nangka,1151.0
456,Tumis pare,Kari ayam ,Lobstre panggang,Kue bugis,Kue sus,1779.0
457,Telur dadar,Sambal goreng kentang,Urab,Sari seledri timun,Onde-onde,327.0
458,Soto banjar,Tempe penyet,Telur asin,Cimol,Tape singkong,1003.0
459,Chicken karage,Mie ayam,Gadon tahu jamur,Pepaya,Ronde,1206.9
460,Tempe masak wijen,Ayam lada hitam,Teri balado,Asinan bengkuang nanas,Jus jeruk,652.8000000000001
461,Kwetiau goreng,Ayam masak merah,Ikan gabus asap,Kue tapioka,Jus wortel ,1135.6
462,Gulai pakis,Kari ayam ,Tempe kukus cabe hijau,Pisang panggang saus kurma,Bubur sumsum,1049.0
463,Udang panggang,Ayam woku,Makaroni bumbu merah,Susu murni,Ronde,759.0
464,Pecel sayur,Kepiting panggang,Sayur rica rodoh,Jus apel,Bubur sumsum,945.8
465,Soto daging ,Ikan lele panggang,Nasi goreng kunyit,Stroberi,Sukun goreng,575.0
466,Ayam suwir,Oseng tahu,Ayam kalasan,Rujak jeruk bali,Pempek ,561.0999999999999
467,Pindang patin,Ikan tongkol balado,Sandwich ikan tuna panggang,Jus Buah naga,Lemper,787.2
468,Telur dadar,Ayam penyet,Sop kaki sapi,Putu mayang,Onde-onde,960.0
469,Ketoprak ,Garang asem ayam,Lumpia basah,Sari seledri timun,Es doger,791.1
470,Coto makasar,Ayam lada hitam,Kerang asap,Mangga,Yogurt,673.0
471,Soto banjar,Sup telur,Bubur manado,Batagor,Sosis solo,912.0
472,Nasi pecel,Bakmi,Lodeh terong,Asinan bengkuang nanas,Pempek kapal selam,760.6
473,Usus ayam goreng,Sup nasi ayam,Bandeng presto,Buah naga,Sari apel,1025.0
474,Nasi kebuli,Kepiting panggang,Nasi goreng sayur,Kue bugis isi kacang hijau,Tahu sumedang,961.2
475,Laksa palembang,Ikan patin bakar,Ikan bakar bumbu kecap,Rujak buah,Mangga kweni,782.5
476,Nasi kebuli,Ayam rendang,Tempe kukus cabe hijau,Anggur ,Tahu sumedang,645.5
477,Soto banjar,Pecel lele,Spageti udang,Es teler,Jus jeruk,376.5
478,Soto kudus,Tuna bumbu kari,Ikan bakar bumbu kecap,Lemang manis isi pisang,Kue bawang,741.1
479,Pecel sayur,Mie bakso,Semur telur,Asinan bengkuang nanas,Semangka,962.6
480,Bubur ketan hitam,Ayam teriyaki,Pepes tongkol sambal dabu-dabu,Talam nangka,Sukun goreng,1163.1
481,Sayur umbut kelapa,Kari daging sapi,Ikan gurame asam manis,Apel,Sup kacang,1741.0
482,Tahu balado,Tuna bumbu kari,Lobstre panggang,Es kuwut,Tape singkong,1377.0
483,Semur jengkol,Sate padang,Tuna sambal woku,Es teler,Cenil,982.0
484,Sayur bening bayam,Nasi hijau harum,Kalio kikil,Buah naga,Susu kedelai,816.0
485,Bubur kacang hijau,Tekwan,Tahu bumbu kukus,Mangga,Onde-onde,333.9
486,Chicken nugget,Pepes bandeng presto,Semur telur,Rujak buah,Bakwan,1244.4
487,Ikan tongkol goreng,Sambal teri,Sayur bobor,Jus wortel tomat,Kue pukis,570.0
488,Tumis daun pepaya,Ikan tuna sambal goreng,Daging sapi panggang,Puding coklat,serabi,1016.0
489,Tumis labu siam,Oseng tahu,Tumis kapri manis,Jus nanas,Tahu isi,823.5
490,Telur rebus,Ayam saus mentega,Rendang,Salad buah,Tahu isi,1158.0
491,Tumis kacang panjang tempe,Ikan tuna sambal goreng,Tumis kapri manis,Kue bugis isi kacang hijau,Apel fuji,665.5
492,Pepes tahu,Steak daging sapi,Kalio telur,Batagor,Jus wortel ,1363.0
493,Chicken karage,Sambal teri,Ikan bakar bumbu kecap,Susu murni,Lemper,1374.5
494,Coto makasar,Sate usus,Tahu bumbu merah,Kue apem,Sosis solo,962.3
495,Nasi bakar,Kari daging sapi,Paru sapi goreng,Melon,Bakpia,1210.0
496,Tempe goreng,Bakso sapi,Ampela goreng ,Kue bugis,Bubur sumsum,938.0
497,Tuna bakar bumbu bali,Ayam betutu,Sup kentang,Pisang ,Apel fuji,690.2
498,Perkedel kentang,Sup nasi ayam,Tempe kukus cabe hijau,Jus mangga,Kue nagasari,682.5
499,Nasi bakar,Tumis buncis wortel bintik,Lobstre panggang,Klepon,Sawo,916.0
500,Tempe bacem,Cumi goreng,Ikan mujair pepes,Kue bugis isi kacang hijau,Cempedak,475.0
501,Tempe goreng,Sup ayam,Bihun goreng,Pir,Kue sus,1168.5
502,Pepes ayam,Tuna bumbu pepes,Tempe mendoan,Klepon,Yogurt,761.0
503,Nasi kebuli,Tahu cabe garam,Sayur rica rodoh,Asinan bengkuang nanas,Kue sus,553.4
504,Ketoprak ,Bakso aci,Spageti udang,Lemang manis isi pisang,Martabak manis,949.1
505,Telur rebus,Asem-asem kangkung,Terong balado,Melon,Pastel ,609.0
506,Tumis daun pepaya,Kari ayam ,Tumis ikan tongkol,Cimol,Seblak,1313.0
507,Telur dadar,Sate ayam,Kerang asap,Sari seledri timun,Sup kacang,999.0
508,Semur tahu,Garang asem ayam,Ayam taliwang,Dadar gulung,Sale pisang,1342.0
509,Tuna bakar bumbu bali,Ikan tuna panggang,Sayur siram bumbu tumis,Susu murni,Sale pisang,500.3
510,Pecel sayur,Ayam goreng ,Sup kentang,Sari buah tropika,Cempedak,1126.0
511,Tumis pakcoy,Telur puyuh bumbu kuning,Oseng buncis tempe,Sari buah tropika,Bolu kukus,1294.1
512,Sayur pakis,Beef teriyaki,Daging sapi panggang,Es teler,Buah delima ,753.0
513,Bubur ayam,Sup telur,Urab,Jus Buah naga,Pisang,619.0
514,Lontong sayur,Pepes bandeng presto,Hati ayam goreng,Talam nangka,Apel fuji,181.70000000000002
515,Usus ayam goreng,Bebek bakar,Pepes tongkol sambal dabu-dabu,Jus jambu,Nangka,635.8
516,Nasi kebuli,Beef burger,Terong goreng,Jus melon,Bolu kukus,1039.0
517,Paha ayam panggang,Sambal goreng kentang,Sup kentang,Jus mangga,Kue nastar,1062.0
518,Ikan kembung balado,Sayur bunga pepaya,Spageti udang,Sari seledri campur,Ronde,482.5
519,Nasi goreng ayam,Sate padang,Sop buntut,Cilok,Nangka,1351.0
520,Telur ceplok air acar kuning,Ikan tongkol balado,Ikan belida bakar,Rujak buah,Es krim,814.5
521,Ayam rica-rica,Bubur sapi,Sop buntut,Kelengkeng,Sawo,1048.0
522,Ikan kembung balado,Dendeng sapi,Oseng tahu tomat,Pisang ,Markisa,754.9
523,Semur ayam,Mie bakso,Ayam panggang bumbu bacem,Kurma,Jus alpukat ,775.7
524,Nasi goreng ,Ikan tuna panggang,Sop kambing,Jeruk,Tape singkong,1174.0
525,Nasi bakar,Chicken katsu,Tumis ikan tongkol,Jambu biji ,serabi,967.0
526,Sayur umbut kelapa,Pempek adaan,Bandeng presto,Klepon,Kue sus,1492.0
527,Perkedel kentang,Ayam betutu,Tempe pesmol,Sup buah tropika,Jus wortel ,524.4
528,Pindang patin,Sambal teri,Tuna sambal woku,Putu mayang,Kue bawang,756.0
529,Tumis labu siam,Sup telur,Sayur rica rodoh,Pisang panggang saus kurma,Es buah,535.3
530,Sayur umbut kelapa,Ayam goreng ,Oseng buncis tempe,Kue apem,Es buah,1561.0
531,Ayam suwir kemangi,Bakso ikan,Opor ayam,Lemang manis isi pisang,Onde-onde,831.6
532,Telur rebus,Kerang panggang,Ampela goreng ,Durian,Jus wortel ,952.0
533,Tuna bakar bumbu bali,Garang asem ayam,Semur telur,Talam nangka,Kacang mete sangrai asin,961.5
534,Ketoprak ,Udang goreng ,Tumis kapri manis,Buah naga,Wajik ,1241.5
535,Belut goreng,Tumis buncis wortel bintik,Rendang,Kue bugis,Jus jeruk,555.0
536,Tumis kol,Dendeng sapi,Sambal udang,Cilok,Tahu walik,999.0
537,Bubur nasi,Cumi goreng,Tuna sambal woku,Klepon,Bolu pisang,1194.0
538,Tumis pakcoy,Kerang panggang,Terong balado,Kue tapioka,Semangka,1014.6
539,Ikan tongkol goreng,Bakso aci,Teri kacang balado,Mangga,Pisang,867.0
540,Telur dadar,Tumis oncom,Tempe pesmol,Kurma,Kue cucur,480.5
541,Dendeng sapi,Gudeg,Makaroni bumbu merah,Jus mentimun jambu,Kue cucur,725.5
542,Telur dadar,Abon ayam,Teri balado,Pisang panggang saus kurma,Bolu kukus,1163.5
543,Nasi bakar,Oseng tahu,Kalio ayam,Kue tapioka,Sukun goreng,1114.6
544,Telur rebus,Sambal goreng kentang,Sayur nangka,Rujak pepaya alpukat,Sawo,282.8
545,Tempe bacem,Babat sapi,Saboko gurita,Getuk kacang hijau,Semangka,356.0
546,Belut goreng,Ikan tuna sambal goreng,Lodeh terong,Salad buah,Es buah,867.0
547,Nasi goreng spesial,Pecel lele,Brengkes patin,Jus mangga,Duku,797.0
548,Dendeng sapi,Pepes bandeng presto,Tempe mendoan,Susu murni,Jus wortel ,765.4
549,Nasi liwet,Telur puyuh bumbu kuning,Semur daging,Jambu biji ,Kue nastar,795.1
550,Soto banjar,Mie ayam,Pepes tongkol sambal dabu-dabu,Jus melon,Kue nagasari,533.8
551,Pepes tongkol,Ayam rendang,Terong goreng,Jus pepaya kayu manis,Sup kacang,816.3
552,Soto daging ,Ikan patin goreng,Pepes tongkol sambal dabu-dabu,Batagor,Bakpia,509.8
553,Telur balado,Tekwan,Ikan bakar bumbu kecap,Rujak jeruk bali,Apel fuji,651.2
554,Nasi goreng udang,Telur puyuh bumbu kuning,Daging sapi panggang,Jeruk,Kue bawang,826.1
555,Teri basah goreng renyah,Tempe penyet,Paru sapi goreng,Mangga,Semangka,640.0
556,Pepes ikan mas,Gudeg,Lobstre panggang,Rujak pepaya alpukat,Duku,982.8
557,Urap megono,Ayam cincang buncis,Ayam geprek,Sari seledri timun,Cempedak,758.0
558,Tumis buncis,Dendeng sapi,Nasi goreng sayur,Mangga,Pie susu,930.2
559,Bubur kacang hijau,Ikan patin goreng,Urab,Talam nangka,Bolu kukus,346.3
560,Kwetiau udang sambal rujak,Tumis bayam,Tumis ikan tongkol,Dadar gulung,Cireng isi ayam,847.3
561,Tempe goreng,Ikan lele panggang,Tahu bumbu merah,Nanas,Yogurt,688.3
562,Tumis kacang panjang tempe,Terong bakar,Paru sapi goreng,Susu,Tape singkong,701.0
563,Nasi kuning,Cumi hitam,Tuna bumbu rica-rica,Lemang manis isi pisang,Sawo,1755.6
564,Telur ceplok,Abon sapi,Sop kambing,Putu mayang,Sosis solo,1428.0
565,Kering tempe,Cap cay sayur,Sop buntut,Jambu biji ,Tape singkong,1113.0
566,Ayam suwir kemangi,Pempek adaan,Tahu bumbu kukus,Pir,Pie susu,951.9
567,Bubur nasi,Tempe orek,Pecel ,Es kelapa muda,Es buah,388.0
568,Tempe panggang,Nasi rames,Bandeng presto,Sup buah tropika,Tahu gejrot,769.9
569,Gulai tunjang,Tuna bumbu pepes,Ikan cakalang asap,Pisang panggang saus kurma,Sawo,693.5
570,Tumis kol,Sate ayam,Tahu bumbu kukus,Sari buah tropika,Onde-onde,574.9
571,Dendeng sapi,Abon sapi,Tempe goreng tepung,Nanas,Martabak manis,1580.0
572,Bubur ayam,Ikan lele panggang,Tahu siksa,Jus mentimun jambu,Semangka,643.3
573,Kacang panjang bumbu kuning,Ayam saus mentega,Tahu telur,Lemang manis isi pisang,Cempedak,1313.1
574,Nasi ciprat,Ayam woku,Oseng buncis tempe,Jus apel,Takoyaki,1235.2
575,Tumis daun pepaya,Ayam woku,Tahu siksa,Jus Buah naga,Kue bawang,480.8
576,Pepes tongkol,Ayam goreng ,Tahu siksa,Putu mayang,Es buah,553.8
577,Soto daging ,Ayam woku,Lobstre panggang,Jus Buah naga,Jus wortel ,1001.0
578,Ketoprak ,Nasi hijau harum,Ikan bakar bumbu kecap,Pepaya,Pisang,572.5
579,Telur rebus,Sate padang,Sayur rica rodoh,Jus belimbing berembun,Roti isi coklat,617.4000000000001
580,Telur dadar,Abon sapi,Kari daging domba,Jus mentimun jambu,Puding vanila,1255.5
581,Sayur asem,Kari ayam ,Tahu siksa,Talam ubi,Kue pancong,1004.0999999999999
582,Pecel sayur,Beef burger,Gulai kambing,Jus mentimun jambu,Seblak,1350.5
583,Ayam rica-rica,Kari daging sapi,Ikan panggang,Melon,Nangka,1164.0
584,Tumis buncis,Bubur sapi,Orak arik bening soun,Rujak pepaya alpukat,Sup kacang,1049.3
585,Nasi kebuli,Telur puyuh bumbu kuning,Ayam kalasan,Putu mayang,Pempek ,383.5
586,Telur ceplok,Garang asem ayam,Tumis kapri manis,Asinan bengkuang nanas,Martabak manis,564.1
587,Bubur kacang hijau,Ikan tongkol balado,Oseng buncis tempe,Pepaya,Pempek kapal selam,1394.0
588,Soto daging ,Sate padang,Ikan cakalang asap,Puding coklat,Tahu gejrot,971.0
589,Ikan tongkol goreng,Ikan lele panggang,Ayam panggang bumbu bacem,Melon,Markisa,699.7
590,Telur ceplok,Udang goreng ,Tempe pesmol,Rujak buah,Sup kacang,1236.5
591,Soto banjar,Pecel lele,Teri balado,Sari seledri timun,Bolu kukus,798.0
592,Tumis buncis,Ceker mercon,Tempe kukus cabe hijau,Susu murni,Sosis solo,693.5
593,Telur orak-arik,Cap cay sayur,Sate bandeng,Rujak buah,Bakwan,1392.0
594,Laksa palembang,Dendeng sapi,Nasi goreng kunyit,Pir,Pempek ,776.0
595,Gado-gado,Chicken katsu,Daging sapi panggang,Jus pepaya kayu manis,Sawo,1040.3
596,Tumis sawi putih,Kari daging sapi,Tempe pesmol,Talam ubi,Markisa,802.8
597,Tumis kol,Ayam saus mentega,Rendang,Rujak pepaya alpukat,Cireng isi ayam,1133.8
598,Kacang panjang bumbu kuning,Nasi hijau harum,Semur daging,Cimol,Tape singkong,654.5
599,Gado-gado,Pecel lele,Sate bandeng,Jus belimbing berembun,Bakwan,884.6
600,Gulai tunjang,Kari daging sapi,Pempek kulit,Jus melon,Pempek kapal selam,1560.0
601,Tahu balado,Kerang panggang,Tumis kapri manis,Cimol,Es doger,1108.5
602,Kering tempe,Ayam betutu,Telur asin,Jus apel,Tahu isi,1228.0
603,Tumis sawi putih,Pempek adaan,Tempe kukus cabe hijau,Jus belimbing berembun,Seblak,976.1
604,Tumis buncis,Bihun goreng,Kalio kikil,Jus melon,Martabak telur,1255.0
605,Lontong sayur,Ayam cincang buncis,Teri kacang balado,Jus belimbing berembun,Kue beras,723.6
606,Kwetiau goreng,Pepes bandeng presto,Rendang,Puding coklat,Bolu kukus,1056.4
607,Ikan mas goreng,Sate ayam,Ikan mujair pepes,Kue apem,Es krim,621.0
608,Urap,Sate padang,Sayur bobor,Sup buah serut,Bakpia,809.3
609,Telur balado,Ikan patin bakar,Lodeh terong,Melon,Nangka,944.0
610,Tumis kangkung,Ikan lele panggang,Ikan cakalang asap,Salak,Cenil,977.0
611,Nasi liwet,Tumis oncom,Udang goreng tepung,Sup buah tropika,Jus wortel ,1042.9
612,Tempe bacem,Sup ayam,Ikan baung bakar,Kue bolu,Tahu isi,1193.0
613,Semur ayam,Chicken katsu,Sup bola ayam,Sup buah tropika,Es krim,1810.9
614,Bubur ketan hitam,Rendang,Ikan panggang,Jus pepaya belimbing,Es buah,646.1
615,Tumis genjer,Tahu bacem,Brengkes patin,Jus pepaya belimbing,Dimsum,772.1
616,Ketoprak ,Sayur bunga pepaya,Sop buntut,Sari seledri timun,Jus alpukat ,1000.0
617,Soto betawi ,Ikan tuna panggang,Teri kacang balado,Durian,Pastel ,1128.0
618,Dendeng sapi,Bebek bakar,Brengkes patin,Talam nangka,Sawo,695.3
619,Kwetiau udang sambal rujak,Sup nasi ayam,Sate bandeng,Nanas,Kue sus,1313.3
620,Tumis buncis,Mie bakso,Ikan mujair pepes,Jus wortel tomat,Sup kacang,896.0
621,Tumis sawi putih,Bubur sapi,Kari daging domba,Sari seledri campur,Martabak manis,1010.0
622,Tuna bakar bumbu bali,Tekwan,Sate bandeng,Putu mayang,Tahu gejrot,974.2
623,Tumis kacang panjang tempe,Bubur sapi,Ikan panggang,Asinan bengkuang nanas,Lemper,1161.6
624,Urap,Bakso aci,Tahu telur,Klepon,Jus jeruk,1279.0
625,Telur ceplok air acar kuning,Kerang panggang,Gulai kambing,Rujak jeruk bali,Tahu walik,927.2
626,Belut goreng,Bakmi,Kalio ayam,Jus mangga,Bakpia,1266.0
627,Tumis pakcoy,Ikan patin bakar,Kalio kikil,Rujak jeruk bali,Bolu kukus,1342.7
628,Kupat tahu,Kepiting panggang,Kalio ayam,Kue bugis,Tahu sumedang,1574.0
629,Telur dadar,Bakso ayam,Lobstre panggang,Es kelapa muda,Bolu kukus,1401.0
630,Ayam suwir kemangi,Tumis oncom,Sayur nangka,Cilok,Kue bawang,828.0
631,Nasi uduk,Terong bakar,Tuna bumbu rica-rica,Buah naga,Cenil,632.0
632,Nasi goreng ayam,Ayam penyet,Gulai ikan ,Talam ubi,Lemper,953.3
633,Nasi goreng udang,Kerang panggang,Perkedel tahu,Pepaya,Onde-onde,1466.0
634,Tumis pare,Bakso ikan,Gulai ikan ,Stroberi,Kue pukis,647.0
635,Belut goreng,Steak daging sapi,Sayur rica rodoh,Buah naga,Pisang,661.8
636,Telur rebus,Kari ayam ,Daging sapi panggang,Pisang bakar saus manis,Lemper,1176.5
637,Nasi goreng ,Bakmi,Mie hokian,Kue tapioka,Tahu walik,974.4
638,Tempe bacem,Onigiri,Sandwich ikan tuna panggang,Rujak buah,Mangga kweni,432.2
639,Telur balado,Ikan tongkol balado,Saboko gurita,Jus mentimun jambu,Bakpia,1028.5
640,Udang panggang,Ayam teriyaki,Salmon asap,Apel,serabi,2447.0
641,Semur tahu,Mie bakso,Pepes teri,Batagor,Kue beras,990.0
642,Bubur nasi,Telur puyuh bumbu kuning,Oseng tahu tomat,Jus nanas,Kue pancong,259.0
643,Kering tempe,Ayam penyet,Paru sapi goreng,Jus belimbing berembun,Kue beras,877.6
644,Chicken nugget,Steak daging sapi,Telur asin,Jus stroberi,Bolu kukus,1654.0
645,Nasi goreng spesial,Abon sapi,Bubur manado,Klepon,Markisa,1862.0
646,Rawon,Ayam bakar,Tumis kapri manis,Puding coklat,Es krim,730.5
647,Lontong sayur,Nasi hijau harum,Tahu bumbu merah,Kurma,Risol bihun ,352.3
648,Pepes tahu,Ikan tuna sambal goreng,Tumis kapri manis,Jus pepaya kayu manis,Kue nastar,757.8
649,Perkedel kentang,Nasi rames,Lodeh terong,Jus apel,Jus jeruk,670.0
650,Sayur bening bayam,Karedok,Ikan bakar bumbu kecap,Jus nanas,Kue nastar,512.5
651,Usus ayam goreng,Sate padang,Tahu siksa,Mentimun serut,Seblak,1041.9
652,Bubur ketan hitam,Oseng tahu,Opor ayam,Rambutan,Bubur sumsum,766.0
653,Tumis labu siam,Abon ayam,Sup bola ayam,Pisang ,Duku,1095.0
654,Paha ayam panggang,Bening bayam tauge,Lobstre panggang,Salak,Martabak telur,1185.3
655,Semur jengkol,Ikan mujair goreng,Pecel ,Jambu biji ,Pastel ,439.0
656,Belut goreng,Udang goreng ,Tahu bumbu merah,Rujak pepaya alpukat,Cempedak,1015.0999999999999
657,Pepes tahu,Sup telur,Sayur nangka,Jus apel,Kue bawang,698.0
658,Soto banjar,Telur puyuh bumbu kuning,Ampela goreng ,Getuk kacang hijau,Roti isi coklat,554.1
659,Tempe bacem,Karedok,Oseng tahu tomat,Jus nanas,Sosis solo,283.9
660,Nasi liwet,Steak daging sapi,Oseng tahu tomat,Salad buah,Bakwan,775.9
661,Bubur kacang hijau,Mie bakso,Salmon asap,Jus melon,Pie susu,1209.0
662,Sayur bening bayam,Pempek adaan,Sate bandeng,Putu mayang,Bakwan,1415.0
663,Usus ayam goreng,Bebek bakar,Tempe kukus cabe hijau,Susu murni,Jus alpukat ,669.5
664,Soto betawi ,Sate kambing,Ikan bakar bumbu kecap,Pepaya,Kue kacang,794.5
665,Tempe masak wijen,Ayam bakar,Tempe kukus cabe hijau,Jus mangga,Sari apel,425.7
666,Telur ceplok,Sup telur,Kari daging domba,Jus Buah naga,Nangka,669.0
667,Telur dadar,Ayam goreng ,Oseng buncis tempe,Jus Buah naga,Onde-onde,1307.0
668,Telur ceplok,Dendeng sapi,Rendang,Sari seledri campur,Kue nagasari,870.0
669,Semur ayam,Ikan salmon panggang,Udang goreng tepung,Es teler,Pempek kapal selam,1866.0
670,Semur jengkol,Rendang,Ikan panggang,Apel,Es doger,725.0
671,Nasi bakar,Sate usus,Salmon asap,Pisang ,Pastel ,1619.0
672,Tumis labu siam,Sup telur,Oseng buncis tempe,Jus belimbing berembun,Duku,1276.6
673,Ikan kembung balado,Terong bakar,Sup kentang,Es kelapa muda,Pastel ,865.0
674,Ikan mas goreng,Cap cay sayur,Semur telur,Jus Buah naga,Bolu pisang,1181.0
675,Gado-gado,Ayam saus mentega,Kalio telur,Rujak pepaya alpukat,Martabak telur,1374.8
676,Nasi uduk,Ayam lada hitam,Lobstre panggang,Jus wortel tomat,Tape singkong,1074.0
677,Chicken karage,Kerang panggang,Sayur rica rodoh,Mentimun serut,Sup kacang,1798.8999999999999
678,Ikan kembung balado,Sate usus,Ikan gurame asam manis,Jus apel,Bolu pisang,1558.0
679,Nasi uduk,Tempe penyet,Tuna bumbu rica-rica,Sup buah serut,Semangka,873.3
680,Kering tempe,Tumis oncom,Tahu telur,Putu mayang,Cenil,1306.0
681,Nasi goreng ,Ikan mujair goreng,Ayam taliwang,Putu mayang,Ronde,1106.0
682,Telur ceplok,Tahu cabe garam,Spageti udang,Susu,Jus wortel ,294.5
683,Nasi bakar,Pempek adaan,Ikan baung bakar,Sup buah tropika,Yogurt,880.9
684,Tumis kacang panjang tempe,Ayam penyet,Sandwich ikan tuna panggang,Puding coklat,Duku,866.2
685,Pepes tahu,Sup telur,Kari daging domba,Klepon,Ronde,919.0
686,Nasi goreng spesial,Gudeg,Tempe mendoan,Jus belimbing berembun,Es krim,1106.6
687,Kwetiau goreng,Sup nasi ayam,Sayur siram bumbu tumis,Susu murni,Seblak,1160.1
688,Nasi kebuli,Tekwan,Ikan baung bakar,Pepaya,Sukun goreng,525.0
689,Telur ceplok air acar kuning,Ayam saus mentega,Ayam taliwang,Jus jambu,Sukun goreng,1076.5
690,Tumis pare,Tumis buncis wortel bintik,Ayam kalasan,Susu,Kacang mete sangrai asin,528.4
691,Chicken nugget,Asem-asem kangkung,Jengkol balado,Kue tapioka,Tahu sumedang,1031.6
692,Kwetiau goreng,Sate taichan,Tahu telur,Jus mentimun jambu,Seblak,2013.5
693,Belut goreng,Ceker mercon,Sayur nangka,Jus wortel tomat,Martabak manis,858.0
694,Nasi goreng spesial,Ayam betutu,Sayur siram bumbu tumis,Sup buah serut,Martabak telur,1136.4
695,Tahu balado,Steak daging sapi,Lumpia basah,Buah naga,Sup kacang,1044.1
696,Ayam suwir kemangi,Sup ayam,Kari daging domba,Jus jambu,Kue sus,1284.0
697,Tumis pare,Onigiri,Nasi goreng sayur,Apel,Sawo,330.2
698,Ikan tongkol goreng,Bening bayam tauge,Sayur rica rodoh,Apel,Es krim,280.1
699,Nasi bakar,Bubur sapi,Terong goreng,Buah naga,Lemper,738.0
700,Tumis genjer,Sup nasi ayam,Sop kambing,Jus Buah naga,Bolu pisang,1212.0
701,Sayur umbut kelapa,Nasi hijau harum,Paru sapi goreng,Jus Buah naga,Cenil,788.0
702,Tumis labu siam,Ikan kuah kuning,Teri kacang balado,Susu murni,Kue pancong,805.0
703,Tumis genjer,Ceker mercon,Tempe mendoan,Jus Buah naga,Takoyaki,1027.0
704,Tumis genjer,Tuna bumbu pepes,Sup bola ayam,Cilok,Es krim,1277.0
705,Kering tempe,Sate padang,Salmon asap,Kelengkeng,Apel fuji,1353.0
706,Telur ceplok,Ikan tuna panggang,Tempe mendoan,Pepaya,Sup kacang,1059.0
707,Ayam suwir kemangi,Tumis pepaya muda,Pempek kulit,Puding coklat,Roti isi coklat,1210.0
708,Ayam suwir,Mie ayam,Semur telur,Jus mentimun jambu,Bakpia,878.5
709,Tempe panggang,Spageti,Pepes tongkol sambal dabu-dabu,Sari seledri campur,Duku,309.8
710,Soto ayam,Asem-asem kangkung,Bandeng presto,Kue bugis,Risol bihun ,653.0
711,Tumis daun pepaya,Ayam woku,Udang goreng tepung,Jus pepaya kayu manis,Kue kacang,1027.3
712,Soto bandung,Tahu bacem,Daun singkong bumbu iris,Rujak buah,Pisang,274.0
713,Nasi liwet,Ayam panggang,Kangkung bumbu kare,Kue apem,Sawo,774.3
714,Pepes ayam,Tumis oncom,Daun singkong bumbu iris,Pepaya,Martabak telur,552.0
715,Nasi goreng udang,Cumi goreng,Lodeh terong,Getuk kacang hijau,Martabak manis,1268.0
716,Ayam goreng,Terong bakar,Telur asin,Mentimun serut,Es buah,863.1
717,Sayur pakis,Ikan patin goreng,Terong balado,Pisang ,Dimsum,760.0
718,Ketoprak ,Pempek adaan,Gulai ayam,Jus wortel tomat,Dimsum,1539.0
719,Nasi uduk,Bihun goreng,Tempe kukus cabe hijau,Jus belimbing berembun,Bakwan,695.1
720,Gulai tunjang,Ayam bakar,Oseng buncis tempe,Klepon,Kue pukis,1572.0
721,Bubur nasi,Cumi hitam,Tumis kapri manis,Talam nangka,Duku,603.8
722,Bubur nasi,Pempek adaan,Sup bola ayam,Rujak jeruk bali,Pie susu,1329.7
723,Ikan tongkol goreng,Oseng tahu,Saboko gurita,Cilok,Kacang mete sangrai asin,1378.0
724,Telur ceplok air acar kuning,Sambal teri,Spageti udang,Talam nangka,Kue beras,334.3
725,Rawon,Ayam saus mentega,Lumpia basah,Pisang bakar saus manis,Apel fuji,783.6
726,Ikan bawal goreng,Ayam panggang,Tempe mendoan,Pisang bakar saus manis,Pastel ,894.5
727,Tumis genjer,Bakmi,Ikan baung bakar,Jus mentimun jambu,Kue kacang,856.5
728,Nasi goreng udang,Pempek adaan,Oseng tahu tomat,Cilok,Duku,1181.9
729,Bubur ketan hitam,Pepes bandeng presto,Kalio telur,Asinan bengkuang nanas,Pisang,644.0
730,Kwetiau udang sambal rujak,Cap cay sayur,Perkedel tahu,Jus Buah naga,Bolu kukus,1115.3
731,Ayam suwir kemangi,Ikan salmon panggang,Gulai ikan ,Nanas,Puding vanila,1046.0
732,Ayam rica-rica,Pempek adaan,Sup kentang,Rambutan,Jus semangka,1154.0
733,Bubur kacang hijau,Ikan panggang siram acar,Sup bola ayam,Rambutan,Seblak,889.7
734,Ayam suwir,Abon ayam,Oseng buncis tempe,Jus pepaya belimbing,Pempek kapal selam,1472.1
735,Ikan kembung balado,Udang asam manis,Sup kentang,Susu murni,Jus semangka,2011.0
736,Perkedel kentang,Ikan patin bakar,Kalio ayam,Kue bolu,Cenil,1368.0
737,Bubur nasi,Tumis pepaya muda,Mie hokian,Jus wortel tomat,Pisang,348.8
738,Nasi goreng ,Udang asam manis,Lumpia basah,Kue bugis,Pempek kapal selam,2012.1
739,Kwetiau udang sambal rujak,Tempe penyet,Hati ayam goreng,Getuk kacang hijau,Pempek ,500.3
740,Telur orak-arik,Kepiting panggang,Nasi goreng sayur,Sari seledri timun,Jus jeruk,826.2
741,Telur orak-arik,Sambal goreng kentang,Tahu siksa,Talam nangka,Sosis solo,421.1
742,Sayur bening bayam,Tahu bacem,Terong balado,Rujak jeruk bali,Tahu sumedang,697.7
743,Ayam rica-rica,Pempek adaan,Tempe mendoan,Jus mangga,Pempek kapal selam,1181.0
744,Tumis pakcoy,Beef burger,Semur telur,Jus Buah naga,Seblak,1483.0
745,Soto ayam,Sayur bunga pepaya,Pempek kulit,Rujak buah,Takoyaki,1070.0
746,Ikan tongkol goreng,Ikan tuna sambal goreng,Oseng tahu tomat,Kue bugis isi kacang hijau,Pisang,618.9
747,Laksa palembang,Sate taichan,Kalio kikil,Mangga,Kue kacang,1410.0
748,Ayam rica-rica,Sate ayam,Telur asin,Cimol,Kue nagasari,1396.0
749,Tumis kangkung,Ayam lada hitam,Sop kambing,Mangga,Kue nastar,1112.0
750,Ikan kembung balado,Bening bayam tauge,Ikan cakalang asap,Es kuwut,Pastel ,699.3
751,Ayam suwir,Tekwan,Rendang,Manggis,Jus semangka,440.0
752,Belut goreng,Nasi hijau harum,Tahu bumbu merah,Kurma,Cenil,398.3
753,Sayur umbut kelapa,Sambal teri,Sambal udang,Buah naga,Semangka,543.0
754,Nasi goreng udang,Ikan panggang siram acar,Tahu telur,Nanas,Pempek ,1287.7
755,Nasi liwet,Karedok,Tumis ikan tongkol,Talam nangka,Jus alpukat ,396.3
756,Telur orak-arik,Ikan belanak goreng,Sate bandeng,Pir,Pie susu,1145.0
757,Nasi kuning,Cap cay sayur,Daun singkong bumbu iris,Sari seledri timun,Jus semangka,1301.0
758,Nasi goreng tuna,Abon sapi,Tempe pesmol,Talam ubi,Kue bawang,931.5
759,Coto makasar,Iga bakar,Mie rebus tauge,Sup buah serut,Yogurt,631.5999999999999
760,Bubur ketan hitam,Tekwan,Bihun goreng,Kue bugis,Kue nagasari,546.5
761,Nasi goreng udang,Ceker mercon,Tumis bandeng,Kue bugis isi kacang hijau,Risol bihun ,1294.0
762,Soto kudus,Abon ayam,Gulai ayam,Batagor,Martabak telur,1075.0
763,Gulai tunjang,Tumis oncom,Bubur manado,Talam ubi,Pie susu,898.3
764,Soto bandung,Ayam penyet,Kangkung bumbu kare,Sari seledri campur,Wajik ,608.3
765,Nasi bakar,Ayam penyet,Tahu bumbu merah,Cimol,Onde-onde,732.3
766,Tumis buncis,Cumi hitam,Orak arik bening soun,Jus apel,Takoyaki,1093.5
767,Paha ayam panggang,Cap cay sayur,Tempe mendoan,Jus nanas,Buah delima ,1049.0
768,Sayur asem,Kerang panggang,Kalio kikil,Mangga,Es krim,1376.0
769,Ayam suwir,Iga bakar,Ayam panggang bumbu bacem,Dadar gulung,Bluberi,428.7
770,Telur orak-arik,Pepes bandeng presto,Tumis kapri manis,Talam nangka,Yogurt,257.20000000000005
771,Urap megono,Terong bakar,Ikan bandeng goreng,Mangga,Tahu isi,517.0
772,Urap megono,Mie ayam,Brengkes patin,Pisang bakar saus manis,Kue cucur,476.5
773,Tumis daun pepaya,Kepiting panggang,Kari daging domba,Pisang ,Kue sus,1302.0
774,Tumis daun pepaya,Babat sapi,Nasi goreng sayur,Buah naga,Puding vanila,470.2
775,Tempe bacem,Babat sapi,Semur daging,Dadar gulung,Es doger,697.0
776,Bubur nasi,Ikan kuah kuning,Tahu bumbu merah,Rujak buah,Roti isi coklat,487.3
777,Nasi uduk,Karedok,Pepes tongkol sambal dabu-dabu,Dadar gulung,Kacang mete sangrai asin,726.8
778,Tempe goreng,Pepes bandeng presto,Lobstre panggang,Talam nangka,Bolu kukus,1154.6999999999998
779,Tempe panggang,Nasi rames,Pecel ,Anggur ,Cempedak,327.0
780,Ikan tongkol goreng,Ayam panggang,Saboko gurita,Pepaya,Tahu sumedang,1048.0
781,Sayur umbut kelapa,Spageti,Sayur siram bumbu tumis,Jus jambu,Kue kacang,704.1
782,Sayur asem,Ayam goreng ,Ikan belida bakar,Kue bugis,Pempek kapal selam,1233.0
783,Soto ayam,Sate usus,Oseng buncis tempe,Rujak jeruk bali,Jus alpukat ,1390.7
784,Ketoprak ,Bubur sapi,Ayam kecap ,Klepon,Ronde,1424.0
785,Nasi kebuli,Ikan patin goreng,Kangkung bumbu kare,Klepon,Kue beras,344.3
786,Sayur asem,Chicken katsu,Tumis kapri manis,Jus mangga,Ronde,997.5
787,Gulai pakis,Bebek bakar,Sayur nangka,Jus Buah naga,Markisa,584.0
788,Nasi pecel,Bebek bakar,Orak arik bening soun,Jeruk,Wajik ,432.5
789,Nasi goreng ayam,Ikan belanak goreng,Lodeh terong,Puding coklat,Tape singkong,855.0
790,Tumis daun pepaya,Ayam masak merah,Kalio ayam,Jeruk,Wajik ,1171.0
791,Ketoprak ,Oseng tahu,Ikan panggang,Susu murni,Kue nagasari,1322.0
792,Teri basah goreng renyah,Ayam panggang,Bihun goreng,Putu mayang,Takoyaki,863.5
793,Semur ayam,Babat sapi,Sop kambing,Jus wortel tomat,Tahu sumedang,1203.0
794,Nasi ciprat,Karedok,Sayur siram bumbu tumis,Dadar gulung,Es buah,240.29999999999998
795,Chicken karage,Abon sapi,Kalio ayam,Rujak jeruk bali,Semangka,2253.7
796,Pepes tongkol,Ceker mercon,Sup bola ayam,Kue bugis isi kacang hijau,Sari apel,963.0
797,Chicken karage,Tahu cabe garam,Tempe mendoan,Rambutan,Kue beras,1192.0
798,Nasi kuning,Sate taichan,Sate bandeng,Cilok,Yogurt,2163.0
799,Paha ayam panggang,Sate padang,Lodeh terong,Sup buah serut,Bolu kukus,1206.3
800,Tumis genjer,Kepiting panggang,Perkedel tahu,Rambutan,Markisa,1184.0
801,Teri basah goreng renyah,Bakmi,Teri kacang balado,Rambutan,Mangga kweni,787.0
802,Pecel sayur,Bakmi,Sayur rica rodoh,Kue tapioka,Kue kacang,821.4
803,Sayur umbut kelapa,Beef teriyaki,Sate bandeng,Sup buah serut,Yogurt,1290.3
804,Sayur asem,Bakmi,Tempe goreng tepung,Asinan bengkuang nanas,Jus wortel ,747.6
805,Sayur pakis,Udang goreng ,Kalio ayam,Rujak jeruk bali,Kue kacang,1389.7
806,Nasi goreng ayam,Cap cay sayur,Ikan belida bakar,Stroberi,Sup kacang,1364.0
807,Sayur bening bayam,Bakso sapi,Gulai ikan ,Susu,Pisang,663.0
808,Laksa palembang,Sate ayam,Pecel ,Pisang ,Markisa,647.0
809,Ayam suwir kemangi,Tuna bumbu kari,Pempek kulit,Jus pepaya belimbing,Cenil,1268.1
810,Urap megono,Ikan lele panggang,Lobstre panggang,Kue bugis,Pempek kapal selam,1325.0
811,Sayur bening bayam,Beef burger,Tumis bandeng,Jus melon,Bubur sumsum,1119.0
812,Nasi kebuli,Ikan salmon panggang,Telur asin,Rambutan,serabi,1223.0
813,Udang panggang,Ikan salmon panggang,Spageti udang,Jus mangga,Kacang mete sangrai asin,1379.5
814,Kacang panjang bumbu kuning,Ikan belanak goreng,Saboko gurita,Susu murni,Semangka,470.5
815,Coto makasar,Terong bakar,Sambal udang,Pepaya,serabi,446.0
816,Kering tempe,Pecel lele,Pepes teri,Sari seledri timun,Markisa,387.0
817,Ketoprak ,Udang goreng ,Tempe mendoan,Jus mentimun jambu,Es doger,1457.5
818,Urap,Ayam lada hitam,Nasi goreng sayur,Apel,Sosis solo,605.2
819,Dendeng sapi,Bubur sapi,Perkedel tahu,Pepaya,Kue nastar,1277.0
820,Sayur asem,Telur puyuh bumbu kuning,Ayam kalasan,Klepon,Tape singkong,495.5
821,Telur balado,Abon ayam,Sandwich ikan tuna panggang,Anggur ,Tape singkong,928.2
822,Ikan mas goreng,Tumis bayam,Sup bola ayam,Asinan bengkuang nanas,Tahu isi,1309.6
823,Telur ceplok,Ikan patin bakar,Tumis bandeng,Pepaya,Kue pukis,880.0
824,Tumis buncis,Ikan patin bakar,Sambal udang,Manggis,Bakpia,833.0
825,Soto kudus,Ayam rendang,Tempe goreng tepung,Cilok,Pisang,743.0
826,Soto daging ,Tumis buncis wortel bintik,Tahu bumbu kukus,Jambu biji ,Risol bihun ,402.9
827,Nasi ciprat,Bakso ayam,Ikan bandeng goreng,Sup buah serut,Seblak,967.5
828,Sayur bening bayam,Beef teriyaki,Pecel ,Kelengkeng,Susu kedelai,617.0
829,Ayam suwir,Pecel lele,Semur telur,Jus pepaya belimbing,Bluberi,535.1
830,Gado-gado,Sayur bunga pepaya,Tumis kapri manis,Pepaya,Wajik ,360.5
831,Telur orak-arik,Sup ayam,Telur asin,Manggis,Kue nagasari,1290.0
832,Ayam suwir,Sate ayam,Bihun goreng,Sari seledri timun,Tahu gejrot,699.5
833,Ikan kembung balado,Telur puyuh bumbu kuning,Kalio ayam,Es teler,Kue nastar,1161.1
834,Tumis kangkung,Kari ayam ,Tuna bumbu rica-rica,Kue apem,Sup kacang,1871.0
835,Tumis kacang panjang tempe,Ikan tongkol balado,Bihun goreng,Manggis,Kue pancong,798.5
836,Bubur nasi,Iga bakar,Gulai ayam,Nanas,Es buah,628.0
837,Kwetiau udang sambal rujak,Terong bakar,Lobstre panggang,Dadar gulung,Kue nagasari,920.3
838,Urap megono,Telur puyuh bumbu kuning,Tahu bumbu kukus,Jus mentimun jambu,Pisang,124.5
839,Telur orak-arik,Sate kambing,Sup kentang,Es kelapa muda,Sup kacang,1359.0
840,Ayam rica-rica,Cap cay sayur,Kalio ayam,Jus belimbing berembun,Sosis solo,1261.6
841,Gado-gado,Ikan patin bakar,Tempe kukus cabe hijau,Kue tapioka,Kue pancong,562.1
842,Soto betawi ,Ayam goreng ,Salmon asap,Pisang ,Pisang,1330.0
843,Sayur umbut kelapa,Dendeng sapi,Tempe kukus cabe hijau,Jus melon,Onde-onde,863.5
844,Tempe panggang,Ceker mercon,Udang goreng tepung,Pisang panggang saus kurma,Kue nastar,952.5
845,Tumis daun pepaya,Udang asam manis,Ayam geprek,Pisang ,Yogurt,1969.0
846,Telur dadar,Bakso aci,Perkedel tahu,Jus stroberi,Takoyaki,969.0
847,Telur balado,Chicken katsu,Sayur siram bumbu tumis,Anggur ,Sari apel,1055.1
848,Nasi goreng tuna,Kari daging sapi,Terong goreng,Kelengkeng,Lemper,839.7
849,Lontong sayur,Telur puyuh bumbu kuning,Kalio kikil,Manggis,Martabak telur,798.1
850,Tumis pakcoy,Ayam saus mentega,Pecel ,Kue apem,Sale pisang,964.0
851,Telur balado,Ayam panggang,Ikan bakar bumbu kecap,Rujak buah,Seblak,1196.5
852,Soto ayam,Asem-asem kangkung,Ayam kecap ,Kue bugis isi kacang hijau,Ronde,761.0
853,Ketoprak ,Mie ayam,Lodeh terong,Jus belimbing berembun,Jus semangka,871.6
854,Coto makasar,Tempe penyet,Bihun goreng,Susu,Jus alpukat ,663.5
855,Tumis buncis,Bakso sapi,Tempe kukus cabe hijau,Buah naga,Buah delima ,565.5
856,Pepes ikan mas,Pepes bandeng presto,Ikan bakar bumbu kecap,Cilok,Sup kacang,894.9
857,Tumis labu siam,Nasi rames,Sambal udang,Jus pepaya kayu manis,Jus wortel ,517.3
858,Ayam rica-rica,Sate padang,Orak arik bening soun,Es kelapa muda,Bolu kukus,905.5
859,Laksa palembang,Cap cay sayur,Sayur siram bumbu tumis,Jus melon,Kue cucur,790.1
860,Bubur kacang hijau,Sate kambing,Ikan bakar bumbu kecap,Kurma,Tahu gejrot,673.5
861,Tumis buncis,Udang goreng ,Tempe mendoan,Kelengkeng,Seblak,1470.0
862,Tempe goreng,Ikan patin bakar,Sayur rica rodoh,Durian,Mangga kweni,655.8
863,Sayur pakis,Gudeg,Kalio kikil,Kue bolu,Semangka,896.0
864,Nasi goreng tuna,Telur puyuh bumbu kuning,Jengkol balado,Sari seledri timun,Dimsum,797.8
865,Perkedel kentang,Sup nasi ayam,Paru sapi goreng,Sari seledri campur,Sup kacang,1281.0
866,Tumis labu siam,Bubur sapi,Tahu bumbu kukus,Dadar gulung,Pie susu,721.9
867,Nasi goreng ,Steak daging sapi,Kari daging domba,Kelengkeng,Tahu sumedang,1194.0
868,Semur ayam,Ikan kuah kuning,Semur daging,Sup buah serut,Kacang mete sangrai asin,1409.3
869,Kacang panjang bumbu kuning,Tahu bacem,Kalio telur,Durian,Bakpia,738.5
870,Nasi liwet,Cap cay sayur,Daging sapi panggang,Es kuwut,Kue pukis,1021.0
871,Gulai pakis,Ayam rendang,Ikan bakar bumbu kecap,Durian,Jus wortel ,756.5
872,Tempe panggang,Sate kambing,Ikan bakar bumbu kecap,Jus pepaya belimbing,Jus jeruk,497.6
873,Paha ayam panggang,Steak daging sapi,Pempek kulit,Talam ubi,Kacang mete sangrai asin,1653.3
874,Soto bandung,Garang asem ayam,Urab,Anggur ,Apel fuji,360.0
875,Tumis daun pepaya,Ikan salmon panggang,Hati ayam goreng,Rambutan,Tape singkong,789.0
876,Nasi liwet,Ayam goreng ,Ampela goreng ,Kue bugis isi kacang hijau,Seblak,1108.0
877,Ikan mas goreng,Ayam teriyaki,Gadon tahu jamur,Jus melon,Semangka,1176.9
878,Nasi goreng tuna,Garang asem ayam,Tuna bumbu rica-rica,Jus mangga,Bluberi,657.7
879,Semur jengkol,Ceker mercon,Tumis tahu kentang seledri,Jus wortel tomat,Pastel ,547.0
880,Udang panggang,Ikan mujair goreng,Kalio kikil,Jus jambu,Sukun goreng,1229.0
881,Bubur kacang hijau,Nasi rames,Ayam geprek,Jus Buah naga,Pempek kapal selam,999.0
882,Perkedel kentang,Ikan tuna sambal goreng,Terong goreng,Mentimun serut,Tahu sumedang,828.1
883,Tahu balado,Kari daging sapi,Sayur nangka,Puding coklat,serabi,1047.0
884,Tumis pakcoy,Ikan patin goreng,Makaroni bumbu merah,Jus Buah naga,Es doger,430.0
885,Tumis sawi putih,Ayam masak merah,Tahu bumbu kukus,Sari buah tropika,Risol bihun ,721.9
886,Urap,Sup nasi ayam,Brengkes patin,Durian,Buah delima ,638.0
887,Tempe goreng,Sate padang,Daging sapi panggang,Sup buah serut,Buah delima ,877.3
888,Soto ayam,Kari ayam ,Ampela goreng ,Pir,Bolu kukus,1190.0
889,Bubur ketan hitam,Bening bayam tauge,Bihun goreng,Susu,Mangga kweni,224.8
890,Urap megono,Ayam woku,Tahu bumbu merah,Susu,Kue beras,266.3
891,Udang panggang,Ikan panggang siram acar,Sop buntut,Sari seledri timun,Kue sus,1380.7
892,Ikan bawal goreng,Rendang,Tahu siksa,Dadar gulung,Apel fuji,347.8
893,Semur tahu,Steak daging sapi,Gulai daging sapi,Jus melon,Kue bawang,1250.0
894,Kwetiau goreng,Beef burger,Mie rebus tauge,Melon,serabi,1220.3
895,Semur tahu,Ikan salmon panggang,Tahu siksa,Pisang ,Kue cucur,1162.8
896,Nasi goreng ayam,Garang asem ayam,Ampela goreng ,Klepon,Cempedak,855.0
897,Gulai tunjang,Tuna bumbu pepes,Kalio ayam,Putu mayang,Sari apel,1091.0
898,Pecel sayur,Sate usus,Orak arik bening soun,Durian,Duku,943.5
899,Chicken karage,Ceker mercon,Urab,Sari buah tropika,Semangka,1221.0
900,Chicken karage,Cumi goreng,Ayam kecap ,Salad buah,Mangga kweni,1870.0
901,Kering tempe,Sate padang,Oseng tahu tomat,Sari buah tropika,Takoyaki,846.9
902,Nasi goreng ayam,Ayam saus mentega,Nasi goreng kunyit,Rambutan,Kue kacang,1046.0
903,Tempe goreng,Ikan lele panggang,Ikan gurame asam manis,Manggis,Bubur sumsum,1233.0
904,Pepes tongkol,Bakso ayam,Tumis tahu kentang seledri,Sari seledri campur,Tahu gejrot,746.0
905,Tumis buncis,Sup nasi ayam,Nasi goreng sayur,Jambu biji ,Kue sus,995.2
906,Tumis daun pepaya,Ikan kuah kuning,Tempe mendoan,Sari seledri campur,Sale pisang,688.0
907,Nasi goreng tuna,Ayam betutu,Telur asin,Sari seledri timun,Bubur sumsum,853.7
908,Ketoprak ,Sambal goreng kentang,Brengkes patin,Es kelapa muda,Kue pancong,608.0
909,Gulai tunjang,Sup nasi ayam,Ikan bakar bumbu kecap,Pisang panggang saus kurma,Kue pancong,716.0
910,Sayur umbut kelapa,Nasi rames,Lobstre panggang,Jus mentimun jambu,Buah delima ,1217.5
911,Paha ayam panggang,Beef burger,Ayam taliwang,Lemang manis isi pisang,Es krim,1433.6
912,Tumis kacang panjang tempe,Bakmi,Tahu bumbu kukus,Sari seledri timun,Bakpia,784.9
913,Nasi goreng ,Ayam teriyaki,Pempek kulit,Jus pepaya kayu manis,Risol bihun ,2233.3
914,Tumis sawi putih,Kari daging sapi,Kerang asap,Stroberi,Tahu gejrot,1090.0
915,Telur ceplok,Tuna bumbu kari,Ikan baung bakar,Sari buah tropika,Tahu isi,938.0
916,Sayur asem,Chicken katsu,Rendang,Klepon,Jus wortel ,1280.0
917,Sayur umbut kelapa,Tempe penyet,Bubur manado,Jus apel,Pastel ,963.0
918,Nasi liwet,Kepiting panggang,Terong balado,Kue tapioka,Martabak manis,1283.6
919,Urap megono,Mie ayam,Tumis kapri manis,Anggur ,Apel fuji,311.5
920,Nasi uduk,Ayam rendang,Udang goreng tepung,Es kuwut,Pisang,1034.0
921,Chicken nugget,Bihun goreng,Terong goreng,Sari seledri timun,Roti isi coklat,1106.0
922,Telur balado,Nasi rames,Ikan baung bakar,Pisang ,Pempek kapal selam,1011.0
923,Pecel sayur,Tekwan,Tuna bumbu rica-rica,Susu,serabi,1070.0
924,Urap,Iga bakar,Hati ayam goreng,Kue apem,Kue pukis,812.0
925,Udang panggang,Nasi hijau harum,Ikan panggang,Jus Buah naga,Tape singkong,960.0
926,Sayur pakis,Ikan belanak goreng,Kalio kikil,Nanas,Cempedak,747.0
927,Tumis pakcoy,Ikan lele panggang,Lobstre panggang,Jus wortel tomat,Onde-onde,1334.0
928,Tuna bakar bumbu bali,Cap cay sayur,Teri kacang balado,Manggis,Kacang mete sangrai asin,1145.2
929,Soto kudus,Cumi goreng,Pecel ,Getuk kacang hijau,Pisang,549.0
930,Telur balado,Bakso ikan,Sayur nangka,Kue apem,Kue nastar,837.0
931,Ayam goreng,Ayam lada hitam,Bihun goreng,Sup buah tropika,Jus alpukat ,717.4
932,Nasi ciprat,Ceker mercon,Gulai kambing,Putu mayang,Pempek kapal selam,755.2
933,Gado-gado,Ikan patin bakar,Pempek kulit,Klepon,Pisang,1135.0
934,Telur rebus,Terong bakar,Sop kaki sapi,Salad buah,Onde-onde,661.0
935,Nasi goreng tuna,Mie ayam,Daging sapi panggang,Es kuwut,Pie susu,781.7
936,Tempe panggang,Steak daging sapi,Rendang,Es kelapa muda,Kue nagasari,726.0
937,Nasi liwet,Pempek adaan,Ikan gurame asam manis,Lemang manis isi pisang,Sosis solo,1308.6
938,Ketoprak ,Chicken katsu,Saboko gurita,Rujak buah,Apel fuji,1341.0
939,Gado-gado,Ayam penyet,Gulai daging sapi,Es teler,Jus jeruk,795.0
940,Ketoprak ,Ikan mujair goreng,Sate bandeng,Getuk kacang hijau,Cireng isi ayam,1409.0
941,Tumis labu siam,Onigiri,Ikan cakalang asap,Batagor,Tape singkong,620.0
942,Semur tahu,Ikan salmon panggang,Tumis ikan tongkol,Jus pepaya kayu manis,Yogurt,1080.3
943,Sayur bening bayam,Steak daging sapi,Teri balado,Asinan bengkuang nanas,Sari apel,965.6
944,Dendeng sapi,Bakso ikan,Tahu bumbu merah,Susu,Pastel ,904.3
945,Chicken nugget,Iga bakar,Kalio kikil,Melon,Nangka,1384.0
946,Soto betawi ,Spageti,Udang goreng tepung,Talam ubi,Dimsum,1357.3
947,Tumis kacang panjang tempe,Chicken katsu,Mie rebus tauge,Pir,Kue beras,1020.3
948,Soto ayam,Ikan salmon panggang,Tahu bumbu merah,Jus mentimun jambu,Pempek ,618.8
949,Udang panggang,Sayur bunga pepaya,Makaroni bumbu merah,Dadar gulung,Kue cucur,802.0
950,Sayur bening bayam,Ikan patin bakar,Sayur rica rodoh,Stroberi,Bluberi,538.8
951,Ayam goreng,Garang asem ayam,Salmon asap,Batagor,Cenil,1529.0
952,Udang panggang,Telur puyuh bumbu kuning,Teri kacang balado,Mangga,Es buah,1015.1
953,Chicken nugget,Mie bakso,Lodeh terong,Pisang panggang saus kurma,Pempek kapal selam,1195.5
954,Soto bandung,Pecel lele,Gulai ikan ,Pisang bakar saus manis,Bolu kukus,583.5
955,Ikan mas goreng,Sate padang,Bandeng presto,Putu mayang,Kue nagasari,894.0
956,Telur rebus,Asem-asem kangkung,Ikan cakalang asap,Jus belimbing berembun,Risol bihun ,553.6
957,Bubur kacang hijau,Ayam saus mentega,Ayam kalasan,Batagor,Bubur sumsum,841.4
958,Ikan tongkol goreng,Kari daging sapi,Salmon asap,Jus melon,Ronde,1601.0
959,Bubur nasi,Ayam goreng ,Tahu siksa,Jus mangga,Susu kedelai,543.8
960,Tumis buncis,Karedok,Lobstre panggang,Jus apel,Kue cucur,1138.0
961,Usus ayam goreng,Tahu bacem,Ayam taliwang,Pepaya,Onde-onde,995.0
962,Semur tahu,Sate padang,Ikan panggang,Jus belimbing berembun,Pisang,1276.6
963,Ketoprak ,Bihun goreng,Gadon tahu jamur,Klepon,Seblak,1077.9
964,Nasi liwet,Terong bakar,Daging sapi panggang,Jus belimbing berembun,Nangka,453.6
965,Semur ayam,Bakso ikan,Telur asin,Jus mangga,Onde-onde,1356.0
966,Ayam suwir kemangi,Bakso ayam,Sayur bobor,Susu murni,Kue nagasari,946.0
967,Nasi ciprat,Cumi goreng,Teri kacang balado,Getuk kacang hijau,Martabak telur,905.2
968,Urap,Bebek bakar,Tempe pesmol,Cilok,Kue nagasari,798.5
969,Soto banjar,Ayam masak merah,Gadon tahu jamur,Kue bolu,Pastel ,770.9
970,Tumis labu siam,Ikan lele panggang,Udang goreng tepung,Salak,Ronde,1025.0
971,Udang panggang,Ayam bakar,Teri kacang balado,Jus melon,Sup kacang,1706.0
972,Tempe masak wijen,Ayam masak merah,Rendang,Jus pepaya belimbing,Sawo,489.3
973,Kacang panjang bumbu kuning,Bakso sapi,Sup bola ayam,Salad buah,Es krim,862.5
974,Tempe goreng,Sate usus,Tahu telur,Asinan bengkuang nanas,Yogurt,1541.6
975,Kwetiau goreng,Mie ayam,Oseng buncis tempe,Jus mangga,Apel fuji,1554.0
976,Telur balado,Ayam betutu,Ikan bakar bumbu kecap,Sari seledri timun,Jus jeruk,730.5
977,Dendeng sapi,Bebek bakar,Tahu siksa,Sari buah tropika,Jus jeruk,653.8
978,Nasi goreng spesial,Ayam goreng ,Gulai ikan ,Salad buah,Pempek ,1284.0
979,Tumis kacang panjang tempe,Bakso aci,Tahu siksa,Getuk kacang hijau,Sawo,550.8
980,Usus ayam goreng,Sate padang,Sayur rica rodoh,Apel,Kacang mete sangrai asin,1069.8
981,Sayur umbut kelapa,Ikan salmon panggang,Ikan gurame asam manis,Anggur ,Pempek ,1352.0
982,Nasi pecel,Nasi hijau harum,Ayam kalasan,Kelengkeng,Seblak,381.4
983,Semur tahu,Tempe orek,Teri balado,Manggis,Kue pancong,1259.0
984,Nasi goreng ,Ayam bakar,Spageti udang,Jus Buah naga,Bolu kukus,1144.5
985,Nasi uduk,Tumis pepaya muda,Sop kambing,Putu mayang,Lemper,951.0
986,Tempe goreng,Ikan kuah kuning,Bubur manado,Sari seledri timun,Bubur sumsum,759.0
987,Tumis kangkung,Sate usus,Sate bandeng,Jus belimbing berembun,Markisa,1463.6
988,Semur ayam,Dendeng sapi,Tempe goreng tepung,Jus wortel tomat,Buah delima ,1077.0
989,Tumis daun pepaya,Chicken katsu,Mie rebus tauge,Pir,Pempek ,986.3
990,Ikan kembung balado,Ikan tuna sambal goreng,Jengkol balado,Pir,Wajik ,1003.0
991,Soto bandung,Sambal teri,Pecel ,Jus stroberi,Cenil,336.0
992,Chicken karage,Ayam betutu,Lodeh terong,Pir,Yogurt,1369.0
993,Udang panggang,Ayam lada hitam,Tahu telur,Es teler,Seblak,1888.0
994,Chicken nugget,Terong bakar,Telur asin,Sari seledri campur,Kue nastar,1200.0
995,Nasi liwet,Tumis pepaya muda,Oseng tahu tomat,Jus pepaya kayu manis,Roti isi coklat,489.2
996,Nasi goreng spesial,Terong bakar,Udang goreng tepung,Jus apel,Yogurt,1215.0
997,Soto bandung,Abon sapi,Bubur manado,Jus pepaya belimbing,Kue nastar,1313.1
998,Nasi bakar,Ceker mercon,Telur asin,Putu mayang,Jus wortel ,1042.0
999,Nasi uduk,Ikan kuah kuning,Sop kambing,Kue bugis,Bluberi,806.0
1000,Tempe goreng,Udang goreng ,Pepes teri,Rambutan,Kue bawang,1128.0
